word,meaning,difficulty,video_path
고민,마음속으로 괴로워하며 생각함,2,NIA_SL_WORD0001_SYN01_F.mp4
수어,청각 장애인들이 손과 몸짓으로 의사를 전달하는 언어,2,NIA_SL_WORD0003_SYN01_F.mp4
남아,남자 아이,1,NIA_SL_WORD0004_SYN01_F.mp4
눈,시각 기관. 또는 하늘에서 내리는 흰 결정체,1,NIA_SL_WORD0005_SYN01_F.mp4
독신,결혼하지 않고 혼자 사는 상태,2,NIA_SL_WORD0006_SYN01_F.mp4
슬프다,마음이 아프고 괴롭다,2,NIA_SL_WORD0009_SYN01_F.mp4
자극,감각이나 감정을 불러일으키는 작용,3,NIA_SL_WORD0010_SYN01_F.mp4
안타깝다,뜻대로 되지 않아 답답하고 애처롭다,2,NIA_SL_WORD0011_SYN01_F.mp4
어색하다,자연스럽지 못하고 서먹하다,2,NIA_SL_WORD0012_SYN01_F.mp4
여아,여자 아이,1,NIA_SL_WORD0013_SYN01_F.mp4
외국인,다른 나라 국적을 가진 사람,1,NIA_SL_WORD0014_SYN01_F.mp4
영아,젖먹이 아이,1,NIA_SL_WORD0015_SYN01_F.mp4
신사,예의 바르고 교양 있는 남자,2,NIA_SL_WORD0016_SYN01_F.mp4
알아서,스스로 판단하여,3,NIA_SL_WORD0019_SYN01_F.mp4
장애인,신체적 또는 정신적 기능에 장애가 있는 사람,2,NIA_SL_WORD0020_SYN01_F.mp4
침착,행동이나 태도가 차분하고 안정된 상태,2,NIA_SL_WORD0022_SYN01_F.mp4
성실,진심으로 최선을 다하는 태도,2,NIA_SL_WORD0023_SYN01_F.mp4
학교연혁,학교의 설립부터 현재까지의 역사적 변천,2,NIA_SL_WORD0024_SYN01_F.mp4
싫어하다,마음에 들지 않아 꺼리다,2,NIA_SL_WORD0025_SYN01_F.mp4
급하다,[동음이의어] 시간이 촉박하거나 성격이 급하다,2,NIA_SL_WORD0026_SYN01_F.mp4
필기시험,글씨로 답을 쓰는 방식의 시험,3,NIA_SL_WORD0027_SYN01_F.mp4
병문안,아픈 사람을 찾아가 위로하는 일,2,NIA_SL_WORD0028_SYN01_F.mp4
검사,[동음이의어] 사실이나 상태를 조사하여 확인하는 일,2,NIA_SL_WORD0029_SYN01_F.mp4
낚시터,낚시를 할 수 있는 장소,2,NIA_SL_WORD0031_SYN01_F.mp4
당뇨병,혈액 속 포도당 수치가 높아지는 만성 질환,3,NIA_SL_WORD0033_SYN01_F.mp4
독서,책을 읽는 일,1,NIA_SL_WORD0034_SYN01_F.mp4
매표소,표를 파는 곳,2,NIA_SL_WORD0035_SYN01_F.mp4
면역,몸이 특정 병원체에 저항하는 능력,3,NIA_SL_WORD0036_SYN01_F.mp4
감기,바이러스로 인한 호흡기 질환,1,NIA_SL_WORD0037_SYN01_F.mp4
배드민턴,라켓으로 셔틀콕을 쳐서 겨루는 스포츠,2,NIA_SL_WORD0038_SYN01_F.mp4
변비,대변을 보기 어려운 증상,2,NIA_SL_WORD0039_SYN01_F.mp4
병명,병의 이름,2,NIA_SL_WORD0040_SYN01_F.mp4
보건소,지역 주민의 건강을 관리하는 공공 기관,2,NIA_SL_WORD0041_SYN01_F.mp4
불면증,잠을 이루지 못하는 증상,3,NIA_SL_WORD0042_SYN01_F.mp4
불행,행복하지 않은 상태,2,NIA_SL_WORD0043_SYN01_F.mp4
붕대,상처를 감싸는 의료용 천,2,NIA_SL_WORD0044_SYN01_F.mp4
설사,묽은 대변을 자주 보는 증상,2,NIA_SL_WORD0046_SYN01_F.mp4
성병,성적 접촉으로 전파되는 감염병,3,NIA_SL_WORD0047_SYN01_F.mp4
방충,벌레를 막거나 쫓는 일,3,NIA_SL_WORD0048_SYN01_F.mp4
소화제,소화를 도와주는 약,2,NIA_SL_WORD0049_SYN01_F.mp4
손녀,아들이나 딸의 딸,1,NIA_SL_WORD0050_SYN01_F.mp4
손자,아들이나 딸의 아들,1,NIA_SL_WORD0051_SYN01_F.mp4
수면제,잠을 자게 도와주는 약,2,NIA_SL_WORD0052_SYN01_F.mp4
수집가,특정 물건을 모으는 것을 취미로 하는 사람,3,NIA_SL_WORD0053_SYN01_F.mp4
여행지,여행을 가는 목적지,2,NIA_SL_WORD0054_SYN01_F.mp4
예식장,결혼식 등을 치르는 장소,2,NIA_SL_WORD0055_SYN01_F.mp4
올림픽경기,4년마다 열리는 국제 스포츠 대회,2,NIA_SL_WORD0056_SYN01_F.mp4
회복,[동음이의어] 나빠진 상태가 다시 좋아짐,2,NIA_SL_WORD0057_SYN01_F.mp4
첫번째,순서상 맨 처음,1,NIA_SL_WORD0058_SYN01_F.mp4
운동경기,규칙에 따라 겨루는 스포츠 경기,2,NIA_SL_WORD0059_SYN01_F.mp4
입원,병원에 들어가 치료를 받는 일,2,NIA_SL_WORD0060_SYN01_F.mp4
재혼,이혼하거나 사별한 후 다시 결혼하는 일,2,NIA_SL_WORD0061_SYN01_F.mp4
진단서,의사가 환자의 병 상태를 적은 문서,3,NIA_SL_WORD0062_SYN01_F.mp4
축구장,축구 경기를 하는 운동장,2,NIA_SL_WORD0063_SYN01_F.mp4
치료,병이나 상처를 낫게 하는 행위,2,NIA_SL_WORD0064_SYN01_F.mp4
치료법,병을 고치는 방법,2,NIA_SL_WORD0065_SYN01_F.mp4
친아들,직접 낳은 아들,1,NIA_SL_WORD0066_SYN01_F.mp4
퇴원,병원 치료를 마치고 나오는 일,2,NIA_SL_WORD0067_SYN01_F.mp4
한약,한방에서 쓰는 전통 약재,2,NIA_SL_WORD0068_SYN01_F.mp4
한약방,한약을 조제하고 파는 곳,2,NIA_SL_WORD0069_SYN01_F.mp4
빈혈,혈액 속 적혈구나 헤모글로빈이 부족한 상태,3,NIA_SL_WORD0070_SYN01_F.mp4
화상,불이나 열로 인한 피부 손상,2,NIA_SL_WORD0071_SYN01_F.mp4
가래떡,쌀가루를 쪄서 만든 흰 떡,2,NIA_SL_WORD0072_SYN01_F.mp4
고깃국,고기를 넣어 끓인 국,2,NIA_SL_WORD0073_SYN01_F.mp4
고추,매운맛을 내는 붉은 채소,1,NIA_SL_WORD0074_SYN01_F.mp4
고추가루,고추를 빻아 만든 붉은 가루 양념,2,NIA_SL_WORD0075_SYN01_F.mp4
사골,소의 다리뼈,2,NIA_SL_WORD0076_SYN01_F.mp4
배추국,배추를 넣어 끓인 국,2,NIA_SL_WORD0077_SYN01_F.mp4
꽈베기,밀가루 반죽을 꼬아서 튀긴 과자,2,NIA_SL_WORD0078_SYN01_F.mp4
벌꿀,꿀벌이 만든 달콤한 액체,2,NIA_SL_WORD0079_SYN01_F.mp4
꿀물,물에 꿀을 타서 만든 음료,2,NIA_SL_WORD0080_SYN01_F.mp4
냄비,음식을 끓이는 데 쓰는 금속 용기,1,NIA_SL_WORD0081_SYN01_F.mp4
찬물,차가운 물,1,NIA_SL_WORD0082_SYN01_F.mp4
다과,차와 과자류를 통틀어 이르는 말,3,NIA_SL_WORD0083_SYN01_F.mp4
지방경찰청장,지방 경찰청을 이끄는 최고 책임자,3,NIA_SL_WORD0084_SYN01_F.mp4
돼지고기,돼지의 고기,1,NIA_SL_WORD0085_SYN01_F.mp4
된장찌게,된장을 풀어 끓인 찌개,2,NIA_SL_WORD0086_SYN01_F.mp4
두부,콩을 갈아 만든 흰색 식품,1,NIA_SL_WORD0087_SYN01_F.mp4
딸기,빨갛고 달콤한 열매,1,NIA_SL_WORD0088_SYN01_F.mp4
떡국,가래떡을 썰어 넣고 끓인 국,2,NIA_SL_WORD0089_SYN01_F.mp4
라면,밀가루로 만든 즉석 국수,1,NIA_SL_WORD0090_SYN01_F.mp4
막걸리,쌀로 만든 한국 전통 탁주,2,NIA_SL_WORD0091_SYN01_F.mp4
무,흰색의 크고 둥근 뿌리채소,1,NIA_SL_WORD0092_SYN01_F.mp4
밥그릇,밥을 담는 그릇,2,NIA_SL_WORD0093_SYN01_F.mp4
밥솥,밥을 짓는 솥,2,NIA_SL_WORD0094_SYN01_F.mp4
보신탕,개고기로 끓인 탕,2,NIA_SL_WORD0095_SYN01_F.mp4
부엌,음식을 만드는 공간,2,NIA_SL_WORD0096_SYN01_F.mp4
소불고기,소고기를 양념에 재워 구운 음식,2,NIA_SL_WORD0097_SYN01_F.mp4
비빔밥,밥에 여러 나물과 고추장을 넣어 비빈 음식,2,NIA_SL_WORD0098_SYN01_F.mp4
사과,빨갛거나 초록색의 달콤한 과일,1,NIA_SL_WORD0099_SYN01_F.mp4
달다,설탕처럼 단맛이 나다,1,NIA_SL_WORD0101_SYN01_F.mp4
소주,한국의 대표적인 증류 알코올 음료,1,NIA_SL_WORD0102_SYN01_F.mp4
술잔,술을 마시는 잔,2,NIA_SL_WORD0103_SYN01_F.mp4
식당,음식을 파는 가게,1,NIA_SL_WORD0104_SYN01_F.mp4
쌀가루,쌀을 빻아 만든 가루,2,NIA_SL_WORD0105_SYN01_F.mp4
냉커피,차갑게 만든 커피,2,NIA_SL_WORD0106_SYN01_F.mp4
양식,서양식 음식 또는 식량,2,NIA_SL_WORD0107_SYN01_F.mp4
술,알코올이 들어있는 음료,1,NIA_SL_WORD0109_SYN01_F.mp4
용품,특정 목적에 사용하는 물품,2,NIA_SL_WORD0110_SYN01_F.mp4
유리그릇,유리로 만든 그릇,2,NIA_SL_WORD0111_SYN01_F.mp4
짬뽕,해물과 채소를 넣어 만든 매운 중국식 국수,2,NIA_SL_WORD0112_SYN01_F.mp4
칼국수,밀가루 반죽을 칼로 썰어 만든 국수,2,NIA_SL_WORD0114_SYN01_F.mp4
커피,커피콩을 볶아 추출한 음료,1,NIA_SL_WORD0115_SYN01_F.mp4
콩가루,콩을 볶아서 빻은 가루,2,NIA_SL_WORD0117_SYN01_F.mp4
와인,포도를 발효시켜 만든 알코올 음료,2,NIA_SL_WORD0119_SYN01_F.mp4
백설기,쌀가루를 쪄서 만든 흰 떡,2,NIA_SL_WORD0120_SYN01_F.mp4
가죽신,가죽으로 만든 신발,2,NIA_SL_WORD0121_SYN01_F.mp4
군복,군인이 입는 제복,2,NIA_SL_WORD0122_SYN01_F.mp4
포켓,옷에 달린 작은 주머니,2,NIA_SL_WORD0123_SYN01_F.mp4
양산,햇빛을 가리기 위한 우산 모양의 용품,2,NIA_SL_WORD0124_SYN01_F.mp4
운동화,운동할 때 신는 신발,1,NIA_SL_WORD0125_SYN01_F.mp4
잠옷,잠을 잘 때 입는 옷,2,NIA_SL_WORD0126_SYN01_F.mp4
이불,잠을 잘 때 몸을 덮는 침구,1,NIA_SL_WORD0127_SYN01_F.mp4
에어컨,공기를 냉각하는 냉방 기기,1,NIA_SL_WORD0128_SYN01_F.mp4
행거,옷을 걸어두는 기구,2,NIA_SL_WORD0129_SYN01_F.mp4
월세,매달 집 임대료를 내는 방식,2,NIA_SL_WORD0130_SYN01_F.mp4
전세,보증금을 내고 일정 기간 거주하는 임대 방식,2,NIA_SL_WORD0131_SYN01_F.mp4
치약,이를 닦을 때 쓰는 세정제,1,NIA_SL_WORD0132_SYN01_F.mp4
가수,노래를 직업으로 하는 사람,1,NIA_SL_WORD0133_SYN01_F.mp4
체감,몸으로 직접 느끼는 감각,3,NIA_SL_WORD0134_SYN01_F.mp4
경고,위험이나 잘못을 미리 알려주는 일,2,NIA_SL_WORD0135_SYN01_F.mp4
경찰서,경찰이 근무하며 치안을 담당하는 기관,1,NIA_SL_WORD0136_SYN01_F.mp4
과장,사실보다 크게 표현하는 것 또는 부서의 중간 관리자,2,NIA_SL_WORD0138_SYN01_F.mp4
관광버스,관광 여행에 사용되는 버스,2,NIA_SL_WORD0139_SYN01_F.mp4
교수,대학에서 학문을 연구하고 가르치는 사람,2,NIA_SL_WORD0140_SYN01_F.mp4
교장,학교의 최고 책임자,2,NIA_SL_WORD0141_SYN01_F.mp4
찻길,차가 다니는 도로,2,NIA_SL_WORD0142_SYN01_F.mp4
독일어,독일에서 사용하는 언어,2,NIA_SL_WORD0143_SYN01_F.mp4
음주운전,[동음이의어] 술을 마시고 차를 운전하는 불법 행위,2,NIA_SL_WORD0145_SYN01_F.mp4
동아리,같은 취미나 목적을 가진 사람들의 모임,2,NIA_SL_WORD0146_SYN01_F.mp4
디자이너,시각적 디자인을 전문으로 하는 사람,2,NIA_SL_WORD0147_SYN01_F.mp4
마을버스,마을과 가까운 지역을 운행하는 소형 버스,2,NIA_SL_WORD0148_SYN01_F.mp4
음주운전,[동음이의어] 술을 마시고 차를 운전하는 불법 행위,2,NIA_SL_WORD0151_SYN01_F.mp4
사무,사무실에서 하는 업무,2,NIA_SL_WORD0152_SYN01_F.mp4
신입학,처음으로 학교에 입학하는 일,3,NIA_SL_WORD0153_SYN01_F.mp4
여객선,여객을 태우고 다니는 배,2,NIA_SL_WORD0154_SYN01_F.mp4
여행사,여행 상품을 기획하고 판매하는 업체,2,NIA_SL_WORD0155_SYN01_F.mp4
기차역,기차가 서고 출발하는 장소,2,NIA_SL_WORD0156_SYN01_F.mp4
예술가,예술 작품을 창작하는 사람,2,NIA_SL_WORD0157_SYN01_F.mp4
외국어,자국어가 아닌 다른 나라의 언어,2,NIA_SL_WORD0158_SYN01_F.mp4
요리사,음식을 전문적으로 만드는 사람,2,NIA_SL_WORD0159_SYN01_F.mp4
강요,강제로 시키거나 요구하는 것,2,NIA_SL_WORD0160_SYN01_F.mp4
운동선수,운동을 직업으로 하는 사람,2,NIA_SL_WORD0161_SYN01_F.mp4
퇴임,맡은 직무에서 물러나는 일,3,NIA_SL_WORD0162_SYN01_F.mp4
의사,의학을 전공하고 환자를 치료하는 사람,1,NIA_SL_WORD0163_SYN01_F.mp4
이력서,개인의 학력과 경력을 적은 문서,3,NIA_SL_WORD0164_SYN01_F.mp4
자가용,개인이 소유한 승용차,2,NIA_SL_WORD0165_SYN01_F.mp4
재택근무,집에서 업무를 처리하는 근무 방식,2,NIA_SL_WORD0166_SYN01_F.mp4
연령제한,특정 나이 이상 또는 이하만 허용하는 제한,3,NIA_SL_WORD0167_SYN01_F.mp4
주차장,차를 세워두는 장소,2,NIA_SL_WORD0168_SYN01_F.mp4
채팅,인터넷으로 실시간 문자 대화를 나누는 것,2,NIA_SL_WORD0169_SYN01_F.mp4
출근,직장에 일하러 나가는 일,2,NIA_SL_WORD0170_SYN01_F.mp4
코치,선수나 팀을 지도하는 사람,2,NIA_SL_WORD0171_SYN01_F.mp4
터미널,버스나 항공기의 출발·도착 장소,2,NIA_SL_WORD0172_SYN01_F.mp4
근무,직장에서 일하는 것,2,NIA_SL_WORD0173_SYN01_F.mp4
통역사,서로 다른 언어를 통역하는 사람,2,NIA_SL_WORD0174_SYN01_F.mp4
퇴사,직장을 그만두는 일,2,NIA_SL_WORD0175_SYN01_F.mp4
사직,직무에서 스스로 물러나는 일,2,NIA_SL_WORD0176_SYN01_F.mp4
판결,법원이 사건에 대해 내리는 결정,3,NIA_SL_WORD0177_SYN01_F.mp4
평가,사물의 가치나 수준을 판단하는 일,2,NIA_SL_WORD0178_SYN01_F.mp4
두번째,순서상 두 번째,1,NIA_SL_WORD0179_SYN01_F.mp4
항공사,비행기로 여객과 화물을 운송하는 회사,2,NIA_SL_WORD0180_SYN01_F.mp4
교통안전교육,교통 안전에 관한 교육,3,NIA_SL_WORD0181_SYN01_F.mp4
화상채팅,영상을 통해 실시간으로 대화하는 것,2,NIA_SL_WORD0182_SYN01_F.mp4
회식,직장 동료들이 함께하는 식사 모임,2,NIA_SL_WORD0183_SYN01_F.mp4
교통기본교육,교통 기본 규칙에 관한 교육,3,NIA_SL_WORD0184_SYN01_F.mp4
후원,도움을 주거나 지지하는 것,2,NIA_SL_WORD0185_SYN01_F.mp4
희생,다른 사람을 위해 자신을 바치는 것,3,NIA_SL_WORD0186_SYN01_F.mp4
간호사,의사를 도와 환자를 돌보는 의료 종사자,2,NIA_SL_WORD0187_SYN01_F.mp4
교통법교육,교통 법규에 관한 교육,3,NIA_SL_WORD0188_SYN01_F.mp4
계약금,계약 시 먼저 지불하는 돈,3,NIA_SL_WORD0189_SYN01_F.mp4
고용,일정한 보수를 주고 사람을 써서 일을 시키는 것,3,NIA_SL_WORD0190_SYN01_F.mp4
사업장,사업을 하는 장소,2,NIA_SL_WORD0191_SYN01_F.mp4
버스값,버스를 타는 데 내는 요금,2,NIA_SL_WORD0192_SYN01_F.mp4
구직,일자리를 구하는 일,2,NIA_SL_WORD0193_SYN01_F.mp4
논,벼를 재배하는 물이 있는 밭,2,NIA_SL_WORD0194_SYN01_F.mp4
대기업,규모가 큰 기업,2,NIA_SL_WORD0195_SYN01_F.mp4
사육장,동물을 기르는 시설,3,NIA_SL_WORD0196_SYN01_F.mp4
백화점,다양한 상품을 파는 대형 종합 상점,2,NIA_SL_WORD0197_SYN01_F.mp4
압류,채무자의 재산을 법적으로 처분 못 하게 하는 것,3,NIA_SL_WORD0198_SYN01_F.mp4
수입,외국에서 물건을 사들이거나 돈이 들어오는 것,2,NIA_SL_WORD0200_SYN01_F.mp4
신용카드,신용으로 물건을 사고 나중에 대금을 내는 카드,2,NIA_SL_WORD0201_SYN01_F.mp4
백수,직업 없이 지내는 사람,2,NIA_SL_WORD0202_SYN01_F.mp4
아르바이트,부업이나 임시로 하는 일,2,NIA_SL_WORD0203_SYN01_F.mp4
샛길,지름길 또는 옆길,3,NIA_SL_WORD0204_SYN01_F.mp4
일시불,한꺼번에 전액을 내는 방식,3,NIA_SL_WORD0205_SYN01_F.mp4
주유소,자동차에 연료를 넣는 곳,2,NIA_SL_WORD0206_SYN01_F.mp4
집주인,집을 소유한 사람,2,NIA_SL_WORD0207_SYN01_F.mp4
한국은행,대한민국의 중앙은행,2,NIA_SL_WORD0208_SYN01_F.mp4
경찰청장,경찰청의 최고 책임자,3,NIA_SL_WORD0209_SYN01_F.mp4
가정교육,가정에서 이루어지는 교육,2,NIA_SL_WORD0210_SYN01_F.mp4
고등학교,중학교 다음 단계의 학교,1,NIA_SL_WORD0211_SYN01_F.mp4
고등학생,고등학교에 다니는 학생,1,NIA_SL_WORD0212_SYN01_F.mp4
교무실,교사들이 근무하는 방,2,NIA_SL_WORD0213_SYN01_F.mp4
개학,방학이 끝나고 학교 수업이 다시 시작되는 날,2,NIA_SL_WORD0214_SYN01_F.mp4
교실,학생들이 수업을 받는 방,1,NIA_SL_WORD0215_SYN01_F.mp4
교육자,교육을 담당하는 사람,2,NIA_SL_WORD0216_SYN01_F.mp4
국어학,한국어를 연구하는 학문,3,NIA_SL_WORD0217_SYN01_F.mp4
낙제,시험에 떨어지거나 진급하지 못하는 것,3,NIA_SL_WORD0218_SYN01_F.mp4
예절,사회적으로 지켜야 할 행동 규범,2,NIA_SL_WORD0219_SYN01_F.mp4
독서실,조용히 공부할 수 있는 장소,2,NIA_SL_WORD0220_SYN01_F.mp4
등교,학교에 다니러 가는 것,2,NIA_SL_WORD0221_SYN01_F.mp4
맹학교,시각 장애인을 위한 특수 학교,2,NIA_SL_WORD0222_SYN01_F.mp4
복습,[동음이의어] 배운 것을 다시 공부하는 것,2,NIA_SL_WORD0223_SYN01_F.mp4
분필,칠판에 글씨를 쓰는 흰색 막대,2,NIA_SL_WORD0224_SYN01_F.mp4
상장,표창이나 수상을 기념하는 증서,2,NIA_SL_WORD0225_SYN01_F.mp4
서점,책을 파는 가게,1,NIA_SL_WORD0226_SYN01_F.mp4
학업,학교에서 공부하는 일,3,NIA_SL_WORD0227_SYN01_F.mp4
실습,실제로 해보는 실践 훈련,2,NIA_SL_WORD0228_SYN01_F.mp4
여학교,여학생만 다니는 학교,2,NIA_SL_WORD0229_SYN01_F.mp4
여학생,여자 학생,1,NIA_SL_WORD0230_SYN01_F.mp4
연구소,전문적인 연구를 수행하는 기관,3,NIA_SL_WORD0231_SYN01_F.mp4
연구실,연구를 하는 방,3,NIA_SL_WORD0232_SYN01_F.mp4
예습,배울 내용을 미리 공부하는 것,2,NIA_SL_WORD0233_SYN01_F.mp4
유학,외국에 가서 공부하는 것,2,NIA_SL_WORD0234_SYN01_F.mp4
의학,질병을 연구하고 치료하는 학문,3,NIA_SL_WORD0235_SYN01_F.mp4
지도,[동음이의어] 지형을 그림으로 나타낸 것 또는 가르치고 이끄는 것,2,NIA_SL_WORD0236_SYN01_F.mp4
재학,학교에 다니고 있는 상태,2,NIA_SL_WORD0237_SYN01_F.mp4
연구,어떤 사실이나 이론을 깊이 조사하는 것,2,NIA_SL_WORD0238_SYN01_F.mp4
학부모,학생의 부모,2,NIA_SL_WORD0239_SYN01_F.mp4
학식,학문으로 쌓은 지식,2,NIA_SL_WORD0240_SYN01_F.mp4
훈련,기술이나 능력을 기르기 위한 연습,2,NIA_SL_WORD0241_SYN01_F.mp4
경기도,대한민국 중부에 위치한 광역 행정구역,1,NIA_SL_WORD0242_SYN01_F.mp4
경남,경상남도의 줄임말,2,NIA_SL_WORD0243_SYN01_F.mp4
경북,경상북도의 줄임말,2,NIA_SL_WORD0244_SYN01_F.mp4
남산,서울 중심부에 있는 산,2,NIA_SL_WORD0245_SYN01_F.mp4
울릉도,경상북도에 속한 섬,2,NIA_SL_WORD0246_SYN01_F.mp4
울산,대한민국 남동부에 위치한 광역시,2,NIA_SL_WORD0247_SYN01_F.mp4
전남,전라남도의 줄임말,2,NIA_SL_WORD0248_SYN01_F.mp4
성경책,기독교의 경전,2,NIA_SL_WORD0254_SYN01_F.mp4
신학,종교와 신에 대해 연구하는 학문,3,NIA_SL_WORD0255_SYN01_F.mp4
장로교,기독교 개신교의 한 교파,3,NIA_SL_WORD0256_SYN01_F.mp4
일요일,[동음이의어] 한 주의 마지막 날,1,NIA_SL_WORD0257_SYN01_F.mp4
축하,좋은 일을 기뻐하며 인사하는 것,1,NIA_SL_WORD0258_SYN01_F.mp4
회개,잘못을 뉘우치고 돌이키는 것,3,NIA_SL_WORD0259_SYN01_F.mp4
소감,어떤 일에 대해 느낀 생각,2,NIA_SL_WORD0260_SYN01_F.mp4
장난,심심풀이로 하는 짓궂은 행동,1,NIA_SL_WORD0261_SYN01_F.mp4
장인,기술이 뛰어난 공예가 또는 아내의 아버지,2,NIA_SL_WORD0262_SYN01_F.mp4
희생자,어떤 일로 인해 피해를 입은 사람,3,NIA_SL_WORD0263_SYN01_F.mp4
디자인,시각적 구성을 계획하고 만드는 것,2,NIA_SL_WORD0264_SYN01_F.mp4
돌무덤,돌로 만든 무덤,3,NIA_SL_WORD0265_SYN01_F.mp4
쇠기둥,쇠로 만든 기둥,2,NIA_SL_WORD0266_SYN01_F.mp4
동화책,어린이를 위한 이야기책,1,NIA_SL_WORD0267_SYN01_F.mp4
목공예,나무를 이용한 공예,3,NIA_SL_WORD0268_SYN01_F.mp4
문학,언어로 표현한 예술 작품,3,NIA_SL_WORD0269_SYN01_F.mp4
문화유산,후대에 전해지는 문화적 가치가 있는 것,3,NIA_SL_WORD0270_SYN01_F.mp4
음악가,음악을 연주하거나 작곡하는 사람,2,NIA_SL_WORD0271_SYN01_F.mp4
예술,아름다움을 표현하는 창작 활동,2,NIA_SL_WORD0272_SYN01_F.mp4
초상화,사람의 얼굴이나 모습을 그린 그림,3,NIA_SL_WORD0273_SYN01_F.mp4
토기,흙으로 만든 그릇,3,NIA_SL_WORD0274_SYN01_F.mp4
흑백영화,색 없이 흑백으로 촬영한 영화,2,NIA_SL_WORD0275_SYN01_F.mp4
공군,공중전을 담당하는 군대,2,NIA_SL_WORD0276_SYN01_F.mp4
국왕,왕국의 최고 통치자,2,NIA_SL_WORD0278_SYN01_F.mp4
보건복지,국민의 건강과 복지를 담당하는 분야,3,NIA_SL_WORD0279_SYN01_F.mp4
고소,법적으로 피해 사실을 신고하는 것,3,NIA_SL_WORD0280_SYN01_F.mp4
유권자,선거에서 투표할 권리가 있는 사람,3,NIA_SL_WORD0281_SYN01_F.mp4
절도죄,남의 물건을 훔치는 범죄,3,NIA_SL_WORD0282_SYN01_F.mp4
수감자,교도소에 갇힌 사람,3,NIA_SL_WORD0283_SYN01_F.mp4
총무,단체의 전반적인 사무를 맡은 사람,2,NIA_SL_WORD0284_SYN01_F.mp4
강,육지에 흐르는 큰 물줄기,1,NIA_SL_WORD0285_SYN01_F.mp4
달빛,달에서 나오는 빛,2,NIA_SL_WORD0286_SYN01_F.mp4
장마,여름철에 계속 비가 내리는 기간,2,NIA_SL_WORD0287_SYN01_F.mp4
체온,몸의 온도,2,NIA_SL_WORD0288_SYN01_F.mp4
파도,바람에 의해 물이 출렁이는 현상,2,NIA_SL_WORD0289_SYN01_F.mp4
하늘,지구 위의 대기권,1,NIA_SL_WORD0290_SYN01_F.mp4
가시나무,가시가 있는 나무,2,NIA_SL_WORD0291_SYN01_F.mp4
강아지,개의 새끼,1,NIA_SL_WORD0292_SYN01_F.mp4
구렁이,몸이 크고 굵은 뱀,3,NIA_SL_WORD0293_SYN01_F.mp4
까마귀,온몸이 검은 새,2,NIA_SL_WORD0294_SYN01_F.mp4
꽃씨,꽃의 씨앗,2,NIA_SL_WORD0295_SYN01_F.mp4
꽃잎,꽃의 잎,2,NIA_SL_WORD0296_SYN01_F.mp4
웃는척,웃지 않으면서 웃는 것처럼 행동하는 것,2,NIA_SL_WORD0297_SYN01_F.mp4
흡연실,담배를 피울 수 있도록 마련된 공간,2,NIA_SL_WORD0298_SYN01_F.mp4
무궁화,대한민국의 국화,2,NIA_SL_WORD0299_SYN01_F.mp4
밤나무,밤이 열리는 나무,2,NIA_SL_WORD0300_SYN01_F.mp4
깃털,새의 몸을 덮는 털,2,NIA_SL_WORD0302_SYN01_F.mp4
솔잎,소나무의 잎,2,NIA_SL_WORD0303_SYN01_F.mp4
송아지,소의 새끼,2,NIA_SL_WORD0304_SYN01_F.mp4
소뿔,소의 머리에 있는 뿔,2,NIA_SL_WORD0305_SYN01_F.mp4
양털,양의 몸을 덮는 털,2,NIA_SL_WORD0306_SYN01_F.mp4
연꽃,물 위에 피는 꽃,2,NIA_SL_WORD0307_SYN01_F.mp4
어제밤,어제의 밤,1,NIA_SL_WORD0309_SYN01_F.mp4
갈색,짙은 황토색,1,NIA_SL_WORD0310_SYN01_F.mp4
최상급,가장 높은 등급,3,NIA_SL_WORD0311_SYN01_F.mp4
공휴일,법으로 정해진 쉬는 날,2,NIA_SL_WORD0312_SYN01_F.mp4
세번째,순서상 세 번째,1,NIA_SL_WORD0313_SYN01_F.mp4
네번째,순서상 네 번째,1,NIA_SL_WORD0314_SYN01_F.mp4
흙내음,흙에서 나는 냄새,3,NIA_SL_WORD0315_SYN01_F.mp4
금요일,한 주의 여섯 번째 날,1,NIA_SL_WORD0316_SYN01_F.mp4
급행,빠른 속도로 운행하는 것,2,NIA_SL_WORD0317_SYN01_F.mp4
남부지방,남쪽에 위치한 지역,2,NIA_SL_WORD0318_SYN01_F.mp4
식목일,나무를 심는 것을 장려하기 위한 기념일,2,NIA_SL_WORD0319_SYN01_F.mp4
방금,아주 조금 전,1,NIA_SL_WORD0320_SYN01_F.mp4
보라색,파랑과 빨강을 섞은 색,1,NIA_SL_WORD0322_SYN01_F.mp4
분홍조명,분홍빛의 조명,2,NIA_SL_WORD0323_SYN01_F.mp4
분홍색,연한 빨간색,1,NIA_SL_WORD0324_SYN01_F.mp4
얼굴이빨개지다,부끄럽거나 흥분하여 얼굴이 붉어지다,2,NIA_SL_WORD0325_SYN01_F.mp4
3.1절,1919년 3월 1일 독립운동을 기념하는 날,2,NIA_SL_WORD0327_SYN01_F.mp4
생년월일,"태어난 해, 월, 일",2,NIA_SL_WORD0328_SYN01_F.mp4
수요일,한 주의 네 번째 날,1,NIA_SL_WORD0329_SYN01_F.mp4
10만원,십만 원의 화폐 금액,1,NIA_SL_WORD0330_SYN01_F.mp4
어떻게,어떤 방법으로,1,NIA_SL_WORD0331_SYN01_F.mp4
어린이날,어린이를 존중하고 사랑하기 위한 기념일,2,NIA_SL_WORD0332_SYN01_F.mp4
연말,한 해의 끝 무렵,2,NIA_SL_WORD0333_SYN01_F.mp4
예전,지나간 옛날,2,NIA_SL_WORD0334_SYN01_F.mp4
식전,식사 전,2,NIA_SL_WORD0335_SYN01_F.mp4
월요일,한 주의 첫 번째 날,1,NIA_SL_WORD0336_SYN01_F.mp4
일요일,[동음이의어] 한 주의 마지막 날,1,NIA_SL_WORD0337_SYN01_F.mp4
자정,밤 열두 시,2,NIA_SL_WORD0338_SYN01_F.mp4
아까,조금 전,1,NIA_SL_WORD0339_SYN01_F.mp4
진하기,색이나 맛이 짙은 정도,2,NIA_SL_WORD0340_SYN01_F.mp4
검정머리,검은색 머리카락,2,NIA_SL_WORD0341_SYN01_F.mp4
최대,가장 큰 수나 양,2,NIA_SL_WORD0342_SYN01_F.mp4
최소,가장 작은 수나 양,2,NIA_SL_WORD0343_SYN01_F.mp4
평일,토요일과 일요일을 제외한 보통의 날,2,NIA_SL_WORD0344_SYN01_F.mp4
한글날,한글 창제를 기념하는 날,2,NIA_SL_WORD0345_SYN01_F.mp4
화요일,한 주의 세 번째 날,1,NIA_SL_WORD0347_SYN01_F.mp4
황금색,금처럼 빛나는 노란색,2,NIA_SL_WORD0348_SYN01_F.mp4
흑백,검은색과 흰색,2,NIA_SL_WORD0349_SYN01_F.mp4
흑색,검은색,2,NIA_SL_WORD0350_SYN01_F.mp4
임시협약,일시적으로 맺는 협약,3,NIA_SL_WORD0351_SYN01_F.mp4
감금,사람을 가두어 두는 것,3,NIA_SL_WORD0352_SYN01_F.mp4
탈춤,탈을 쓰고 추는 한국 전통 춤,2,NIA_SL_WORD0353_SYN01_F.mp4
가명,본명 대신 쓰는 이름,3,NIA_SL_WORD0354_SYN01_F.mp4
가발,머리 위에 쓰는 인조 머리카락,2,NIA_SL_WORD0355_SYN01_F.mp4
가위바위보,손 모양으로 승패를 겨루는 놀이,1,NIA_SL_WORD0356_SYN01_F.mp4
가족회의,가족이 모여 의논하는 모임,2,NIA_SL_WORD0357_SYN01_F.mp4
가짜,진짜가 아닌 것,2,NIA_SL_WORD0358_SYN01_F.mp4
서약서,약속을 적은 문서,3,NIA_SL_WORD0359_SYN01_F.mp4
간편,간단하고 편리한 것,2,NIA_SL_WORD0360_SYN01_F.mp4
감옥,죄인을 가두는 시설,2,NIA_SL_WORD0361_SYN01_F.mp4
감옥살이,감옥에서 생활하는 것,3,NIA_SL_WORD0362_SYN01_F.mp4
보호,위험으로부터 지키는 것,2,NIA_SL_WORD0363_SYN01_F.mp4
견습,기술이나 일을 배우며 익히는 것,3,NIA_SL_WORD0364_SYN01_F.mp4
강약,강함과 약함,2,NIA_SL_WORD0365_SYN01_F.mp4
강철,단단하게 만든 철,2,NIA_SL_WORD0366_SYN01_F.mp4
개똥,개의 배설물,2,NIA_SL_WORD0367_SYN01_F.mp4
개명,이름을 바꾸는 것,3,NIA_SL_WORD0368_SYN01_F.mp4
신경쓰다,어떤 일에 마음을 쓰다,2,NIA_SL_WORD0369_SYN01_F.mp4
거목,크고 오래된 나무,3,NIA_SL_WORD0370_SYN01_F.mp4
거북선,조선 시대 이순신이 만든 철갑 군선,2,NIA_SL_WORD0371_SYN01_F.mp4
거역,명령이나 의견에 따르지 않는 것,3,NIA_SL_WORD0372_SYN01_F.mp4
거지,[동음이의어] 남에게 구걸하는 사람,2,NIA_SL_WORD0373_SYN01_F.mp4
건장,몸이 튼튼하고 건강한 것,2,NIA_SL_WORD0374_SYN01_F.mp4
걸스카우트,여자 청소년 단체,2,NIA_SL_WORD0375_SYN01_F.mp4
거지,[동음이의어] 남에게 구걸하는 사람,2,NIA_SL_WORD0376_SYN01_F.mp4
회칙,단체의 규칙,3,NIA_SL_WORD0379_SYN01_F.mp4
결승전,최종 승자를 가리는 경기,2,NIA_SL_WORD0380_SYN01_F.mp4
경찰행정,경찰 관련 행정 업무,3,NIA_SL_WORD0381_SYN01_F.mp4
경비실,건물을 지키는 사람이 근무하는 방,2,NIA_SL_WORD0382_SYN01_F.mp4
고아원,고아를 돌보는 시설,2,NIA_SL_WORD0383_SYN01_F.mp4
고춧잎,고추 나무의 잎,2,NIA_SL_WORD0384_SYN01_F.mp4
불알,남성의 생식기관,3,NIA_SL_WORD0385_SYN01_F.mp4
황금기,가장 번성하고 좋은 시기,3,NIA_SL_WORD0386_SYN01_F.mp4
골절,뼈가 부러지는 것,3,NIA_SL_WORD0387_SYN01_F.mp4
공식발표,공식적으로 발표하는 것,3,NIA_SL_WORD0388_SYN01_F.mp4
맞추다,서로 일치하게 하다,1,NIA_SL_WORD0389_SYN01_F.mp4
공군본부,공군의 최고 사령부,3,NIA_SL_WORD0390_SYN01_F.mp4
공범,함께 범죄를 저지른 사람,3,NIA_SL_WORD0391_SYN01_F.mp4
동거,결혼하지 않고 함께 사는 것,2,NIA_SL_WORD0392_SYN01_F.mp4
공증,법적으로 사실이나 계약을 증명하는 것,3,NIA_SL_WORD0393_SYN01_F.mp4
실수,잘못하거나 틀리는 것,1,NIA_SL_WORD0395_SYN01_F.mp4
회상,지난 일을 떠올리는 것,3,NIA_SL_WORD0396_SYN01_F.mp4
과태료,법규를 어겼을 때 내는 벌금,3,NIA_SL_WORD0397_SYN01_F.mp4
관습,오랫동안 이어져 온 생활 방식,3,NIA_SL_WORD0398_SYN01_F.mp4
직인,공식 도장,3,NIA_SL_WORD0399_SYN01_F.mp4
정밀검사,세밀하게 조사하는 검사,3,NIA_SL_WORD0400_SYN01_F.mp4
대지,넓은 땅,2,NIA_SL_WORD0401_SYN01_F.mp4
광업,광물을 캐는 산업,3,NIA_SL_WORD0402_SYN01_F.mp4
미치광이,정신이 정상적이지 않은 사람,3,NIA_SL_WORD0403_SYN01_F.mp4
강풍,매우 강하게 부는 바람,2,NIA_SL_WORD0404_SYN01_F.mp4
환대,반갑게 맞이하는 것,3,NIA_SL_WORD0405_SYN01_F.mp4
교가,학교를 상징하는 노래,2,NIA_SL_WORD0406_SYN01_F.mp4
지도,[동음이의어] 지형을 그림으로 나타낸 것 또는 가르치고 이끄는 것,2,NIA_SL_WORD0408_SYN01_F.mp4
교명,학교의 이름,3,NIA_SL_WORD0409_SYN01_F.mp4
교모,학생이 쓰는 모자,3,NIA_SL_WORD0410_SYN01_F.mp4
지도법,지도하는 방법,2,NIA_SL_WORD0411_SYN01_F.mp4
학습,지식이나 기술을 배우는 것,2,NIA_SL_WORD0412_SYN01_F.mp4
지도,[동음이의어] 지형을 그림으로 나타낸 것 또는 가르치고 이끄는 것,2,NIA_SL_WORD0413_SYN01_F.mp4
교육과정,교육의 내용과 순서를 체계적으로 정한 것,3,NIA_SL_WORD0414_SYN01_F.mp4
교육청,지역 교육을 담당하는 행정 기관,2,NIA_SL_WORD0415_SYN01_F.mp4
교사직무,교사가 해야 할 업무,3,NIA_SL_WORD0416_SYN01_F.mp4
교탁,교사가 수업할 때 서는 단상,2,NIA_SL_WORD0418_SYN01_F.mp4
구두액,구두를 닦는 약,3,NIA_SL_WORD0419_SYN01_F.mp4
조직도,조직의 구성을 나타낸 도표,3,NIA_SL_WORD0421_SYN01_F.mp4
국그릇,국을 담는 그릇,2,NIA_SL_WORD0422_SYN01_F.mp4
국기,나라를 상징하는 깃발,2,NIA_SL_WORD0423_SYN01_F.mp4
독립,다른 것에 의존하지 않고 스스로 서는 것,2,NIA_SL_WORD0424_SYN01_F.mp4
군가,군인들이 부르는 노래,2,NIA_SL_WORD0425_SYN01_F.mp4
군마,군대에서 사용하는 말,3,NIA_SL_WORD0426_SYN01_F.mp4
다섯번째,순서상 다섯 번째,1,NIA_SL_WORD0427_SYN01_F.mp4
군비행장,군용 비행기가 이착륙하는 장소,3,NIA_SL_WORD0428_SYN01_F.mp4
독재자,혼자 권력을 휘두르는 사람,3,NIA_SL_WORD0429_SYN01_F.mp4
귀부인,신분이 높은 귀한 여성,3,NIA_SL_WORD0430_SYN01_F.mp4
상류층,사회적 지위나 경제력이 높은 계층,3,NIA_SL_WORD0431_SYN01_F.mp4
모범,본보기가 되는 행동이나 사람,2,NIA_SL_WORD0432_SYN01_F.mp4
그날,특정한 그 날,1,NIA_SL_WORD0433_SYN01_F.mp4
기초확인,기본 사항을 확인하는 것,3,NIA_SL_WORD0434_SYN01_F.mp4
금식,음식을 먹지 않는 것,3,NIA_SL_WORD0435_SYN01_F.mp4
얼마,수량이나 가격이 어느 정도인지,1,NIA_SL_WORD0436_SYN01_F.mp4
금연,담배를 끊거나 피우지 않는 것,2,NIA_SL_WORD0437_SYN01_F.mp4
금욕,욕망을 억제하는 것,3,NIA_SL_WORD0438_SYN01_F.mp4
금주,술을 마시지 않는 것,2,NIA_SL_WORD0439_SYN01_F.mp4
불쌍,가련하고 안타까운 상태,2,NIA_SL_WORD0440_SYN01_F.mp4
신기,[동음이의어] 매우 놀랍고 신비로운 것,2,NIA_SL_WORD0442_SYN01_F.mp4
신기,[동음이의어] 매우 놀랍고 신비로운 것,2,NIA_SL_WORD0443_SYN01_F.mp4
기혼,이미 결혼한 상태,2,NIA_SL_WORD0444_SYN01_F.mp4
귀중품,소중하고 값비싼 물건,3,NIA_SL_WORD0445_SYN01_F.mp4
길몽,좋은 일이 일어날 것을 예고하는 꿈,3,NIA_SL_WORD0446_SYN01_F.mp4
길일,좋은 일을 하기에 알맞은 날,3,NIA_SL_WORD0447_SYN01_F.mp4
길운,좋은 운수,3,NIA_SL_WORD0448_SYN01_F.mp4
고난이도,[동음이의어] 난이도가 매우 높은 것,3,NIA_SL_WORD0449_SYN01_F.mp4
비좁다,공간이 좁아서 불편하다,2,NIA_SL_WORD0450_SYN01_F.mp4
유언,죽기 전에 남기는 말이나 글,3,NIA_SL_WORD0451_SYN01_F.mp4
온실,식물을 재배하기 위한 유리로 된 건물,2,NIA_SL_WORD0452_SYN01_F.mp4
고난이도,[동음이의어] 난이도가 매우 높은 것,3,NIA_SL_WORD0453_SYN01_F.mp4
날쎄다,행동이 빠르고 민첩하다,3,NIA_SL_WORD0454_SYN01_F.mp4
비루,품위 없고 천한 것,3,NIA_SL_WORD0455_SYN01_F.mp4
남성적,남성다운 특성을 가진 것,2,NIA_SL_WORD0457_SYN01_F.mp4
내정,외부에 알리지 않고 내부적으로 결정하는 것,3,NIA_SL_WORD0458_SYN01_F.mp4
능숙,익숙하고 솜씨가 뛰어난 것,3,NIA_SL_WORD0459_SYN01_F.mp4
농인,청각 장애인,2,NIA_SL_WORD0461_SYN01_F.mp4
다복,복이 많은 것,3,NIA_SL_WORD0462_SYN01_F.mp4
단명,수명이 짧은 것,3,NIA_SL_WORD0464_SYN01_F.mp4
단문,짧은 문장,3,NIA_SL_WORD0465_SYN01_F.mp4
능력자,뛰어난 능력을 가진 사람,2,NIA_SL_WORD0466_SYN01_F.mp4
담당,[동음이의어] 일을 맡아서 처리하는 것,2,NIA_SL_WORD0468_SYN01_F.mp4
답안지,시험 답을 쓰는 종이,2,NIA_SL_WORD0469_SYN01_F.mp4
책임이사,특정 업무를 책임지는 이사,3,NIA_SL_WORD0470_SYN01_F.mp4
채용자,새로 채용된 사람,3,NIA_SL_WORD0471_SYN01_F.mp4
대교,큰 다리,3,NIA_SL_WORD0472_SYN01_F.mp4
대독,남을 대신하여 글을 읽는 것,3,NIA_SL_WORD0473_SYN01_F.mp4
대필,남을 대신하여 글을 쓰는 것,3,NIA_SL_WORD0474_SYN01_F.mp4
대성공,크게 성공하는 것,2,NIA_SL_WORD0475_SYN01_F.mp4
세수대야,세수할 때 물을 담는 대야,2,NIA_SL_WORD0476_SYN01_F.mp4
확정,확실히 결정하는 것,2,NIA_SL_WORD0477_SYN01_F.mp4
면적,평면의 넓이,3,NIA_SL_WORD0478_SYN01_F.mp4
회장,단체의 장을 맡은 사람,2,NIA_SL_WORD0479_SYN01_F.mp4
품격,사람이나 물건의 격조와 품위,3,NIA_SL_WORD0480_SYN01_F.mp4
도벽,물건을 훔치는 나쁜 버릇,3,NIA_SL_WORD0481_SYN01_F.mp4
자습,스스로 공부하는 것,2,NIA_SL_WORD0483_SYN01_F.mp4
돌기둥,돌로 만든 기둥,3,NIA_SL_WORD0484_SYN01_F.mp4
돌다리,돌로 만든 다리,2,NIA_SL_WORD0485_SYN01_F.mp4
동갑,나이가 같은 것,2,NIA_SL_WORD0487_SYN01_F.mp4
동메달,3위에게 주는 메달,2,NIA_SL_WORD0488_SYN01_F.mp4
주민센터,주민 행정 서비스를 처리하는 기관,1,NIA_SL_WORD0489_SYN01_F.mp4
독특,특별하고 개성 있는 것,2,NIA_SL_WORD0490_SYN01_F.mp4
무덤덤,감정이나 반응이 없는 것,3,NIA_SL_WORD0491_SYN01_F.mp4
뒷산,집이나 마을 뒤에 있는 산,2,NIA_SL_WORD0492_SYN01_F.mp4
등록금,학교에 등록하기 위해 내는 돈,2,NIA_SL_WORD0493_SYN01_F.mp4
담당,[동음이의어] 일을 맡아서 처리하는 것,2,NIA_SL_WORD0494_SYN01_F.mp4
생각못하다,미처 생각하지 못하다,2,NIA_SL_WORD0495_SYN01_F.mp4
주문서,물건을 주문하는 서류,2,NIA_SL_WORD0496_SYN01_F.mp4
마구간,말을 기르는 우리,3,NIA_SL_WORD0497_SYN01_F.mp4
마스크,얼굴을 가리는 위생 용품,1,NIA_SL_WORD0499_SYN01_F.mp4
마음에들다,마음에 맞아 좋다,1,NIA_SL_WORD0500_SYN01_F.mp4
막차,그날의 마지막 차,2,NIA_SL_WORD0501_SYN01_F.mp4
만취,술을 매우 많이 마신 상태,3,NIA_SL_WORD0502_SYN01_F.mp4
나무기둥,나무로 만든 기둥,2,NIA_SL_WORD0503_SYN01_F.mp4
의미,[동음이의어] 말이나 행동이 나타내는 내용,2,NIA_SL_WORD0504_SYN01_F.mp4
말끼어들기,다른 사람의 말에 끼어드는 것,3,NIA_SL_WORD0506_SYN01_F.mp4
망아지,말의 새끼,3,NIA_SL_WORD0507_SYN01_F.mp4
무매력,매력이 없는 것,3,NIA_SL_WORD0508_SYN01_F.mp4
확약,확실하게 약속하는 것,3,NIA_SL_WORD0509_SYN01_F.mp4
맷돌,곡식을 가는 돌로 만든 도구,3,NIA_SL_WORD0511_SYN01_F.mp4
먹,글씨를 쓰거나 그림을 그리는 검은 재료,2,NIA_SL_WORD0512_SYN01_F.mp4
회원,단체나 모임에 가입한 사람,2,NIA_SL_WORD0513_SYN01_F.mp4
명단,이름을 적은 목록,2,NIA_SL_WORD0515_SYN01_F.mp4
명마,뛰어난 말,3,NIA_SL_WORD0516_SYN01_F.mp4
명예,훌륭한 평판과 영예,3,NIA_SL_WORD0517_SYN01_F.mp4
모범생,행동이나 성적이 본보기가 되는 학생,2,NIA_SL_WORD0518_SYN01_F.mp4
무례,예의를 지키지 않는 것,3,NIA_SL_WORD0519_SYN01_F.mp4
무법자,법을 무시하는 사람,3,NIA_SL_WORD0520_SYN01_F.mp4
무료교육,돈을 내지 않고 받는 교육,2,NIA_SL_WORD0521_SYN01_F.mp4
무인상,사람의 형상이 없는 것,3,NIA_SL_WORD0523_SYN01_F.mp4
무통,통증이 없는 것,3,NIA_SL_WORD0524_SYN01_F.mp4
무허가,허가 없이 하는 것,3,NIA_SL_WORD0525_SYN01_F.mp4
여배우,여자 배우,2,NIA_SL_WORD0526_SYN01_F.mp4
문잠그다,문을 잠그는 것,2,NIA_SL_WORD0527_SYN01_F.mp4
문제지,시험 문제가 적힌 종이,2,NIA_SL_WORD0528_SYN01_F.mp4
상세검색,자세한 조건으로 검색하는 것,3,NIA_SL_WORD0529_SYN01_F.mp4
묻다,질문하거나 흙에 덮는 것,1,NIA_SL_WORD0530_SYN01_F.mp4
물총,물을 쏘는 장난감 총,2,NIA_SL_WORD0531_SYN01_F.mp4
물통,물을 담는 통,2,NIA_SL_WORD0532_SYN01_F.mp4
미군,미국의 군대,2,NIA_SL_WORD0533_SYN01_F.mp4
미납,납부해야 할 돈을 내지 않은 것,3,NIA_SL_WORD0534_SYN01_F.mp4
미신,근거 없이 믿는 비과학적 신앙,3,NIA_SL_WORD0535_SYN01_F.mp4
미완성,아직 완성되지 않은 것,3,NIA_SL_WORD0536_SYN01_F.mp4
미행,몰래 뒤를 따라가는 것,3,NIA_SL_WORD0537_SYN01_F.mp4
미혼,아직 결혼하지 않은 상태,2,NIA_SL_WORD0538_SYN01_F.mp4
밀고,비밀을 몰래 알리는 것,3,NIA_SL_WORD0539_SYN01_F.mp4
밀거래단,불법으로 거래하는 무리,3,NIA_SL_WORD0541_SYN01_F.mp4
밀서,비밀 편지,3,NIA_SL_WORD0542_SYN01_F.mp4
밀작,몰래 하는 작업,3,NIA_SL_WORD0544_SYN01_F.mp4
확답,확실한 대답,3,NIA_SL_WORD0545_SYN01_F.mp4
반역,나라나 주인을 배신하는 것,3,NIA_SL_WORD0546_SYN01_F.mp4
발견,모르던 것을 찾아내는 것,2,NIA_SL_WORD0548_SYN01_F.mp4
발언권,의견을 말할 수 있는 권리,3,NIA_SL_WORD0549_SYN01_F.mp4
방식,일을 하는 방법,2,NIA_SL_WORD0550_SYN01_F.mp4
화실,그림을 그리는 방,3,NIA_SL_WORD0551_SYN01_F.mp4
방음,소리가 새어나가거나 들어오지 않게 하는 것,3,NIA_SL_WORD0552_SYN02_F.mp4
정보차단,정보가 전달되지 않게 막는 것,3,NIA_SL_WORD0555_SYN02_F.mp4
방도,어떤 일을 해결하는 방법,3,NIA_SL_WORD0556_SYN02_F.mp4
위로,괴로움을 달래주는 것,2,NIA_SL_WORD0557_SYN02_F.mp4
견습소,기술을 배우는 곳,3,NIA_SL_WORD0558_SYN02_F.mp4
배은,은혜를 저버리는 것,3,NIA_SL_WORD0559_SYN02_F.mp4
출산증가,태어나는 아이 수가 늘어나는 것,3,NIA_SL_WORD0563_SYN02_F.mp4
베다,칼 등으로 자르는 것,1,NIA_SL_WORD0564_SYN02_F.mp4
벌칙사항,규정을 어겼을 때 받는 벌,3,NIA_SL_WORD0565_SYN02_F.mp4
소개,서로 모르는 사람을 알게 해주는 것,1,NIA_SL_WORD0566_SYN02_F.mp4
별거,부부가 따로 사는 것,3,NIA_SL_WORD0567_SYN02_F.mp4
별미,특별한 맛의 음식,3,NIA_SL_WORD0568_SYN02_F.mp4
병가,병으로 인해 쉬는 휴가,3,NIA_SL_WORD0569_SYN02_F.mp4
병사,군인,2,NIA_SL_WORD0570_SYN02_F.mp4
환자실,환자가 치료받는 방,2,NIA_SL_WORD0572_SYN02_F.mp4
병아리,닭의 새끼,1,NIA_SL_WORD0573_SYN02_F.mp4
군책,군대의 계획이나 전략,3,NIA_SL_WORD0574_SYN02_F.mp4
보수교육,자격을 유지하기 위해 받는 교육,3,NIA_SL_WORD0575_SYN02_F.mp4
보이스카우트,남자 청소년 단체,2,NIA_SL_WORD0576_SYN02_F.mp4
부동산,토지나 건물 등 움직이지 않는 재산,2,NIA_SL_WORD0577_SYN02_F.mp4
보건복지부,국민 건강과 복지를 담당하는 정부 부처,3,NIA_SL_WORD0578_SYN02_F.mp4
복지카드,장애인 복지 혜택을 받기 위한 카드,3,NIA_SL_WORD0579_SYN02_F.mp4
희미,빛이나 소리가 약하고 흐릿한 것,3,NIA_SL_WORD0580_SYN02_F.mp4
부고,사람이 죽었음을 알리는 것,3,NIA_SL_WORD0581_SYN02_F.mp4
무자유,자유가 없는 상태,3,NIA_SL_WORD0582_SYN02_F.mp4
분담,일이나 비용을 나누어 맡는 것,3,NIA_SL_WORD0583_SYN02_F.mp4
투쟁,목적을 위해 싸우는 것,3,NIA_SL_WORD0584_SYN02_F.mp4
가쁘다,숨이 차고 힘들다,2,NIA_SL_WORD0586_SYN02_F.mp4
무각오,각오나 결심이 없는 것,3,NIA_SL_WORD0587_SYN02_F.mp4
호명,이름을 불러서 부르는 것,3,NIA_SL_WORD0588_SYN02_F.mp4
비교연구,둘 이상을 비교하여 연구하는 것,3,NIA_SL_WORD0589_SYN02_F.mp4
비닐하우스,비닐로 만든 온실,2,NIA_SL_WORD0590_SYN02_F.mp4
비인간적,인간답지 않은 것,3,NIA_SL_WORD0591_SYN02_F.mp4
자비없다,인정이나 자비심이 없다,3,NIA_SL_WORD0592_SYN02_F.mp4
예금,은행에 돈을 맡기는 것,2,NIA_SL_WORD0593_SYN02_F.mp4
속달,빠르게 배달하는 것,3,NIA_SL_WORD0596_SYN02_F.mp4
삐치다,화가 나서 토라지다,2,NIA_SL_WORD0597_SYN02_F.mp4
사감,기숙사를 감독하는 사람,3,NIA_SL_WORD0598_SYN02_F.mp4
형제지간,형제 사이,2,NIA_SL_WORD0599_SYN02_F.mp4
사냥꾼,사냥을 하는 사람,2,NIA_SL_WORD0600_SYN02_F.mp4
겉모습,겉으로 보이는 모양,2,NIA_SL_WORD0601_SYN02_F.mp4
사모님,남의 아내를 높여 부르는 말,2,NIA_SL_WORD0603_SYN02_F.mp4
복사본,원본을 복사한 것,3,NIA_SL_WORD0604_SYN02_F.mp4
혈통,핏줄로 이어진 계통,3,NIA_SL_WORD0606_SYN02_F.mp4
친척,혈연으로 이어진 가족 이외의 관계,1,NIA_SL_WORD0608_SYN02_F.mp4
사용법,물건이나 방법을 쓰는 방식,2,NIA_SL_WORD0609_SYN02_F.mp4
친가족,피를 나눈 가족,1,NIA_SL_WORD0610_SYN02_F.mp4
사인,서명 또는 사망 원인,1,NIA_SL_WORD0611_SYN02_F.mp4
혈액형,혈액의 종류를 나타내는 분류,2,NIA_SL_WORD0612_SYN02_F.mp4
부채질,부채를 흔들어 바람을 만드는 것,2,NIA_SL_WORD0613_SYN02_F.mp4
사진작가,사진을 찍는 것을 직업으로 하는 사람,2,NIA_SL_WORD0614_SYN02_F.mp4
과용,지나치게 많이 사용하는 것,3,NIA_SL_WORD0615_SYN02_F.mp4
사후,죽은 후 또는 일이 끝난 후,3,NIA_SL_WORD0617_SYN02_F.mp4
상품,팔기 위해 만든 물건,2,NIA_SL_WORD0620_SYN02_F.mp4
새,날개가 있어 하늘을 날 수 있는 동물,1,NIA_SL_WORD0621_SYN02_F.mp4
새똥,새의 배설물,2,NIA_SL_WORD0622_SYN02_F.mp4
새알,새가 낳은 알,2,NIA_SL_WORD0623_SYN02_F.mp4
색맹,색을 구별하지 못하는 상태,3,NIA_SL_WORD0625_SYN02_F.mp4
색연필,색이 있는 연필,1,NIA_SL_WORD0626_SYN02_F.mp4
색종이,다양한 색깔의 종이,1,NIA_SL_WORD0627_SYN02_F.mp4
학생생활기록부,학생의 학교생활 전반을 기록한 문서,3,NIA_SL_WORD0628_SYN02_F.mp4
후천적,태어난 후에 생긴 것,3,NIA_SL_WORD0630_SYN02_F.mp4
맹세,굳게 다짐하거나 약속하는 것,3,NIA_SL_WORD0632_SYN02_F.mp4
서구식,서양 방식의,3,NIA_SL_WORD0633_SYN02_F.mp4
서울역,서울에 있는 주요 기차역,2,NIA_SL_WORD0634_SYN02_F.mp4
헤드라이트,자동차 앞에 달린 조명,3,NIA_SL_WORD0635_SYN02_F.mp4
편견,공정하지 못한 한쪽으로 치우친 생각,3,NIA_SL_WORD0636_SYN02_F.mp4
정벌,잘못을 저지른 세력을 무력으로 치는 것,3,NIA_SL_WORD0637_SYN02_F.mp4
사납다,성질이 거칠고 험하다,2,NIA_SL_WORD0638_SYN02_F.mp4
섬나라,섬으로 이루어진 나라,2,NIA_SL_WORD0639_SYN02_F.mp4
직무대행,다른 사람의 직무를 대신 수행하는 것,3,NIA_SL_WORD0640_SYN02_F.mp4
성인,어른 또는 성자,2,NIA_SL_WORD0641_SYN02_F.mp4
연설,여러 사람 앞에서 의견을 말하는 것,3,NIA_SL_WORD0642_SYN02_F.mp4
연설문,연설을 위해 작성한 글,3,NIA_SL_WORD0643_SYN02_F.mp4
제사,죽은 사람을 추모하는 의식,2,NIA_SL_WORD0644_SYN02_F.mp4
성폭행,강제로 성적 행위를 하는 범죄,3,NIA_SL_WORD0647_SYN02_F.mp4
세뇌,반복적으로 특정 생각을 주입하는 것,3,NIA_SL_WORD0648_SYN02_F.mp4
센티미터,길이의 단위,2,NIA_SL_WORD0649_SYN02_F.mp4
소금물,소금을 녹인 물,2,NIA_SL_WORD0650_SYN02_F.mp4
소복,흰 상복,3,NIA_SL_WORD0651_SYN02_F.mp4
소화불량,음식이 잘 소화되지 않는 상태,3,NIA_SL_WORD0652_SYN02_F.mp4
송년회,한 해를 마무리하며 여는 모임,3,NIA_SL_WORD0653_SYN02_F.mp4
쇄신,낡은 것을 고쳐 새롭게 하는 것,3,NIA_SL_WORD0654_SYN02_F.mp4
수영장,수영을 할 수 있는 시설,1,NIA_SL_WORD0655_SYN02_F.mp4
수재,재능이 뛰어난 사람 또는 수해,3,NIA_SL_WORD0656_SYN02_F.mp4
숙련,오래 익혀 능숙해진 것,3,NIA_SL_WORD0658_SYN02_F.mp4
야간경비,밤에 건물이나 시설을 지키는 것,3,NIA_SL_WORD0659_SYN02_F.mp4
순금,순수한 금,2,NIA_SL_WORD0660_SYN02_F.mp4
순산,아이를 힘들지 않게 낳는 것,3,NIA_SL_WORD0661_SYN02_F.mp4
술값,술을 사는 데 드는 돈,2,NIA_SL_WORD0662_SYN02_F.mp4
술집,술을 파는 가게,1,NIA_SL_WORD0663_SYN02_F.mp4
승마복,말을 탈 때 입는 옷,3,NIA_SL_WORD0667_SYN02_F.mp4
승패,이기고 지는 것,3,NIA_SL_WORD0668_SYN02_F.mp4
시댁,남편의 부모 집,2,NIA_SL_WORD0669_SYN02_F.mp4
시달리다,괴롭힘을 당하거나 힘들게 지내다,2,NIA_SL_WORD0670_SYN02_F.mp4
시차,지역 간의 시간 차이,3,NIA_SL_WORD0671_SYN02_F.mp4
시험감독,시험장을 감독하는 사람,3,NIA_SL_WORD0673_SYN02_F.mp4
선별,여러 중에서 골라내는 것,3,NIA_SL_WORD0674_SYN02_F.mp4
신식,새로운 방식이나 유행,2,NIA_SL_WORD0675_SYN02_F.mp4
신체적장애,몸에 장애가 있는 상태,2,NIA_SL_WORD0676_SYN02_F.mp4
실명,시력을 잃는 것 또는 실제 이름,3,NIA_SL_WORD0678_SYN02_F.mp4
실생활,실제 생활,2,NIA_SL_WORD0679_SYN02_F.mp4
증거,사실을 증명하는 자료,2,NIA_SL_WORD0681_SYN02_F.mp4
실천,계획한 것을 실제로 행하는 것,2,NIA_SL_WORD0682_SYN02_F.mp4
공개,비밀이 아닌 모두에게 알리는 것,2,NIA_SL_WORD0683_SYN02_F.mp4
괴롭다,고통스럽고 힘들다,2,NIA_SL_WORD0684_SYN02_F.mp4
논의,어떤 문제에 대해 의견을 나누는 것,3,NIA_SL_WORD0685_SYN02_F.mp4
쌀값,쌀의 가격,2,NIA_SL_WORD0686_SYN02_F.mp4
아끼다,소중히 여기거나 절약하다,2,NIA_SL_WORD0687_SYN02_F.mp4
고집,자기 생각을 굽히지 않는 것,2,NIA_SL_WORD0688_SYN02_F.mp4
통증,몸이 아픈 느낌,3,NIA_SL_WORD0689_SYN02_F.mp4
악몽,무섭고 나쁜 꿈,3,NIA_SL_WORD0690_SYN02_F.mp4
악습,나쁜 풍습이나 버릇,3,NIA_SL_WORD0691_SYN02_F.mp4
악영향,나쁜 영향,3,NIA_SL_WORD0692_SYN02_F.mp4
악용,나쁜 목적으로 사용하는 것,3,NIA_SL_WORD0693_SYN02_F.mp4
나빠지다,상태가 더 좋지 않게 되다,2,NIA_SL_WORD0694_SYN02_F.mp4
안경원,안경을 파는 가게,2,NIA_SL_WORD0695_SYN02_F.mp4
안내원,안내를 담당하는 사람,2,NIA_SL_WORD0696_SYN02_F.mp4
안위,편안함과 위태로움,3,NIA_SL_WORD0697_SYN02_F.mp4
깜깜하다,빛이 없어 아주 어둡다,2,NIA_SL_WORD0699_SYN02_F.mp4
애국자,나라를 사랑하는 사람,3,NIA_SL_WORD0701_SYN02_F.mp4
안쓰럽다,불쌍하고 측은하다,2,NIA_SL_WORD0702_SYN02_F.mp4
애착,깊이 사랑하여 떨어지지 않으려는 마음,3,NIA_SL_WORD0703_SYN02_F.mp4
야구부,야구 팀이나 동아리,2,NIA_SL_WORD0705_SYN02_F.mp4
건달,일정한 직업 없이 돌아다니는 사람,3,NIA_SL_WORD0706_SYN02_F.mp4
약학,약을 연구하는 학문,3,NIA_SL_WORD0707_SYN02_F.mp4
얌전하다,행동이 조용하고 단정하다,2,NIA_SL_WORD0708_SYN02_F.mp4
양계,닭을 키우는 일,3,NIA_SL_WORD0709_SYN02_F.mp4
일임,일을 남에게 맡기는 것,3,NIA_SL_WORD0710_SYN02_F.mp4
경로당,노인들이 모이는 장소,2,NIA_SL_WORD0711_SYN02_F.mp4
양서,좋은 책 또는 양서류,3,NIA_SL_WORD0712_SYN02_F.mp4
온순하다,성격이 순하고 부드럽다,2,NIA_SL_WORD0713_SYN02_F.mp4
형식,일정한 방식이나 틀,2,NIA_SL_WORD0714_SYN02_F.mp4
양젖,양에서 짠 젖,3,NIA_SL_WORD0716_SYN02_F.mp4
언약,굳게 약속하는 것,3,NIA_SL_WORD0717_SYN02_F.mp4
깎다,칼이나 도구로 표면을 얇게 자르다,1,NIA_SL_WORD0719_SYN02_F.mp4
여공,공장에서 일하는 여성 노동자,3,NIA_SL_WORD0720_SYN02_F.mp4
여군,여성 군인,2,NIA_SL_WORD0721_SYN02_F.mp4
여대생,여자 대학생,2,NIA_SL_WORD0722_SYN02_F.mp4
여성복,여성이 입는 옷,2,NIA_SL_WORD0723_SYN02_F.mp4
여성학과,여성학을 연구하는 학과,3,NIA_SL_WORD0724_SYN02_F.mp4
여경,여성 경찰관,2,NIA_SL_WORD0725_SYN02_F.mp4
여탕,여성 전용 목욕탕,2,NIA_SL_WORD0726_SYN02_F.mp4
연애편지,사랑하는 사람에게 쓰는 편지,2,NIA_SL_WORD0727_SYN02_F.mp4
연초,한 해의 초반,3,NIA_SL_WORD0728_SYN02_F.mp4
연패,계속하여 지는 것,3,NIA_SL_WORD0729_SYN02_F.mp4
연합,여러 단체가 합쳐지는 것,3,NIA_SL_WORD0730_SYN02_F.mp4
연하다,빛깔이나 맛이 옅다,2,NIA_SL_WORD0731_SYN02_F.mp4
영문법,영어의 문법,3,NIA_SL_WORD0732_SYN02_F.mp4
독보적,비교할 수 없을 만큼 뛰어난 것,3,NIA_SL_WORD0733_SYN02_F.mp4
일반직,일반적인 직종,3,NIA_SL_WORD0734_SYN02_F.mp4
예정,미리 계획하거나 정해 놓은 것,2,NIA_SL_WORD0735_SYN02_F.mp4
오리알,오리가 낳은 알,2,NIA_SL_WORD0736_SYN02_F.mp4
오산,잘못된 계산이나 판단,3,NIA_SL_WORD0737_SYN02_F.mp4
순종,명령에 따르는 것,3,NIA_SL_WORD0739_SYN02_F.mp4
황소고집,[동음이의어] 매우 고집이 세고 완강한 것,3,NIA_SL_WORD0740_SYN02_F.mp4
완납,전액을 완전히 납부하는 것,3,NIA_SL_WORD0741_SYN02_F.mp4
완패,완전히 지는 것,3,NIA_SL_WORD0743_SYN02_F.mp4
왕족,왕가의 일원,2,NIA_SL_WORD0744_SYN02_F.mp4
의문,의심스럽고 궁금한 것,2,NIA_SL_WORD0746_SYN02_F.mp4
외상값,외상으로 산 물건의 값,3,NIA_SL_WORD0747_SYN02_F.mp4
요강,실내에서 소변을 담는 용기,3,NIA_SL_WORD0750_SYN02_F.mp4
주요점,핵심적인 내용,3,NIA_SL_WORD0751_SYN02_F.mp4
사용처,사용하는 곳이나 목적,3,NIA_SL_WORD0752_SYN02_F.mp4
용사,용감한 군인이나 사람,2,NIA_SL_WORD0753_SYN02_F.mp4
큰소리,크게 내는 소리 또는 큰소리치는 것,1,NIA_SL_WORD0754_SYN02_F.mp4
우물,땅을 파서 물을 얻는 시설,2,NIA_SL_WORD0755_SYN02_F.mp4
우승,경쟁에서 이겨 일등이 되는 것,2,NIA_SL_WORD0756_SYN02_F.mp4
우승자,경쟁에서 이긴 사람,2,NIA_SL_WORD0757_SYN02_F.mp4
위임,권한을 다른 사람에게 맡기는 것,3,NIA_SL_WORD0761_SYN02_F.mp4
유대인,유대교를 믿는 민족,3,NIA_SL_WORD0762_SYN02_F.mp4
유전,부모의 형질이 자녀에게 전해지는 것,3,NIA_SL_WORD0763_SYN02_F.mp4
유조선,석유를 운반하는 배,3,NIA_SL_WORD0764_SYN02_F.mp4
은신처,몸을 숨기는 장소,3,NIA_SL_WORD0765_SYN02_F.mp4
응접실,손님을 맞이하는 방,3,NIA_SL_WORD0766_SYN02_F.mp4
정의,올바른 도리나 의미,3,NIA_SL_WORD0767_SYN02_F.mp4
지도,[동음이의어] 지형을 그림으로 나타낸 것 또는 가르치고 이끄는 것,2,NIA_SL_WORD0768_SYN02_F.mp4
회의록,회의 내용을 기록한 문서,3,NIA_SL_WORD0769_SYN02_F.mp4
이의,다른 의견이나 반대 의사,3,NIA_SL_WORD0770_SYN02_F.mp4
익명,이름을 밝히지 않는 것,3,NIA_SL_WORD0771_SYN02_F.mp4
익사,물에 빠져 죽는 것,3,NIA_SL_WORD0772_SYN02_F.mp4
인력,사람의 노동력,3,NIA_SL_WORD0773_SYN02_F.mp4
농부,농사를 짓는 사람,2,NIA_SL_WORD0774_SYN02_F.mp4
인사법,인사하는 방법,2,NIA_SL_WORD0775_SYN02_F.mp4
인자,인정이 많고 자비로운 것,3,NIA_SL_WORD0776_SYN02_F.mp4
인증,사실임을 증명하는 것,3,NIA_SL_WORD0777_SYN02_F.mp4
인질,협박을 위해 잡아 두는 사람,3,NIA_SL_WORD0778_SYN02_F.mp4
자막,영상에 표시되는 글자,2,NIA_SL_WORD0781_SYN02_F.mp4
자살자,스스로 목숨을 끊은 사람,3,NIA_SL_WORD0782_SYN02_F.mp4
경과실,부주의로 인한 가벼운 잘못,3,NIA_SL_WORD0784_SYN02_F.mp4
작명,이름을 짓는 것,3,NIA_SL_WORD0785_SYN02_F.mp4
작업복,일할 때 입는 옷,2,NIA_SL_WORD0786_SYN02_F.mp4
장단점,좋은 점과 나쁜 점,3,NIA_SL_WORD0787_SYN02_F.mp4
옷장,옷을 넣어 두는 가구,2,NIA_SL_WORD0789_SYN02_F.mp4
장애인연금,장애인에게 주는 연금,3,NIA_SL_WORD0790_SYN02_F.mp4
장애아동수당,장애 아동에게 주는 수당,3,NIA_SL_WORD0791_SYN02_F.mp4
장애유형,장애의 종류,3,NIA_SL_WORD0792_SYN02_F.mp4
장애인기능경기대회,장애인의 직업 기능을 겨루는 대회,3,NIA_SL_WORD0793_SYN02_F.mp4
장애인등에대한특수교육법,장애인 교육에 관한 법률,3,NIA_SL_WORD0794_SYN02_F.mp4
장애인복지관,장애인을 위한 복지 시설,2,NIA_SL_WORD0795_SYN02_F.mp4
장점,좋은 점,2,NIA_SL_WORD0796_SYN02_F.mp4
장학,학업을 장려하거나 지원하는 것,3,NIA_SL_WORD0797_SYN02_F.mp4
재고,다시 생각하거나 남은 물건,3,NIA_SL_WORD0798_SYN02_F.mp4
목재,나무로 된 재료,3,NIA_SL_WORD0799_SYN02_F.mp4
복습,[동음이의어] 배운 것을 다시 공부하는 것,2,NIA_SL_WORD0801_SYN02_F.mp4
재청,다시 요청하는 것,3,NIA_SL_WORD0802_SYN02_F.mp4
무식,지식이나 학문이 없는 것,2,NIA_SL_WORD0803_SYN02_F.mp4
저명인사,유명하고 이름이 알려진 사람,3,NIA_SL_WORD0804_SYN02_F.mp4
전기기술자,전기를 다루는 기술자,2,NIA_SL_WORD0805_SYN02_F.mp4
전기세,전기 사용에 내는 요금,2,NIA_SL_WORD0806_SYN02_F.mp4
전쟁터,전쟁이 벌어지는 장소,2,NIA_SL_WORD0807_SYN02_F.mp4
전화번호,전화를 걸기 위한 번호,1,NIA_SL_WORD0808_SYN02_F.mp4
절수,물을 아껴 쓰는 것,3,NIA_SL_WORD0809_SYN02_F.mp4
틀림없다,확실하고 의심할 여지가 없다,1,NIA_SL_WORD0810_SYN02_F.mp4
공식,일정한 규칙이나 수학적 표현,2,NIA_SL_WORD0811_SYN02_F.mp4
정신장애,정신적 기능에 장애가 있는 상태,2,NIA_SL_WORD0812_SYN02_F.mp4
단전,전기 공급이 끊기는 것,3,NIA_SL_WORD0813_SYN02_F.mp4
월초,월의 초반,3,NIA_SL_WORD0814_SYN02_F.mp4
우유,소에서 짠 흰색 음료,1,NIA_SL_WORD0815_SYN02_F.mp4
조간신문,아침에 발행하는 신문,3,NIA_SL_WORD0817_SYN02_F.mp4
조회,정보를 찾아보는 것,3,NIA_SL_WORD0818_SYN02_F.mp4
졸업장,학교 과정을 마쳤음을 증명하는 문서,2,NIA_SL_WORD0819_SYN02_F.mp4
종소리,종이 울리는 소리,2,NIA_SL_WORD0820_SYN02_F.mp4
종점,노선의 마지막 정류장,2,NIA_SL_WORD0821_SYN02_F.mp4
주관,자기 나름의 견해나 생각,3,NIA_SL_WORD0822_SYN02_F.mp4
주방장,주방을 이끄는 요리사,2,NIA_SL_WORD0823_SYN02_F.mp4
사고방식,생각하는 방법이나 방식,3,NIA_SL_WORD0824_SYN02_F.mp4
알코올중독,알코올에 의존하는 상태,3,NIA_SL_WORD0825_SYN02_F.mp4
중매,결혼을 중간에서 연결해주는 것,3,NIA_SL_WORD0827_SYN02_F.mp4
재임,직책에 다시 임명되거나 머무는 것,3,NIA_SL_WORD0828_SYN02_F.mp4
쥐덫,쥐를 잡는 덫,3,NIA_SL_WORD0829_SYN02_F.mp4
확인서,사실을 확인하는 문서,3,NIA_SL_WORD0830_SYN02_F.mp4
증원,인원을 늘리는 것,3,NIA_SL_WORD0831_SYN02_F.mp4
증인,사실을 증언하는 사람,3,NIA_SL_WORD0832_SYN02_F.mp4
지급일,돈을 지급하는 날,3,NIA_SL_WORD0833_SYN02_F.mp4
총괄자,전체를 총괄하는 사람,3,NIA_SL_WORD0834_SYN02_F.mp4
직책,직무상의 책임과 역할,3,NIA_SL_WORD0836_SYN02_F.mp4
진상,사건의 실제 내용,3,NIA_SL_WORD0837_SYN02_F.mp4
진실,거짓 없이 참된 것,2,NIA_SL_WORD0838_SYN02_F.mp4
백석,흰 돌,3,NIA_SL_WORD0841_SYN02_F.mp4
차멀미,차를 타면 속이 울렁이는 증상,2,NIA_SL_WORD0842_SYN02_F.mp4
복잡하다,여러 가지가 얽혀 간단하지 않다,2,NIA_SL_WORD0843_SYN02_F.mp4
참가자,어떤 일에 참여한 사람,2,NIA_SL_WORD0844_SYN02_F.mp4
참관,직접 보거나 구경하는 것,3,NIA_SL_WORD0845_SYN02_F.mp4
차도,차가 다니는 도로,2,NIA_SL_WORD0846_SYN02_F.mp4
쓸쓸하다,외롭고 허전하다,2,NIA_SL_WORD0847_SYN02_F.mp4
천리,아주 먼 거리,3,NIA_SL_WORD0848_SYN02_F.mp4
천벌,하늘이 내리는 벌,3,NIA_SL_WORD0849_SYN02_F.mp4
천연색,자연 그대로의 색깔,3,NIA_SL_WORD0850_SYN02_F.mp4
철교,철로 만든 다리,3,NIA_SL_WORD0851_SYN02_F.mp4
철근,건축에 사용하는 철로 된 막대,3,NIA_SL_WORD0852_SYN02_F.mp4
철면피,부끄러움을 모르는 뻔뻔한 사람,3,NIA_SL_WORD0853_SYN02_F.mp4
철모,군인이 쓰는 금속 모자,3,NIA_SL_WORD0854_SYN02_F.mp4
철문,철로 만든 문,3,NIA_SL_WORD0855_SYN02_F.mp4
철판,철로 된 판,3,NIA_SL_WORD0856_SYN02_F.mp4
앞서가다,남보다 먼저 나아가다,2,NIA_SL_WORD0857_SYN02_F.mp4
제안,어떤 의견이나 방안을 내놓는 것,2,NIA_SL_WORD0858_SYN02_F.mp4
청소당번,청소를 맡은 차례,2,NIA_SL_WORD0859_SYN02_F.mp4
청원,소원이나 요구를 적어 제출하는 것,3,NIA_SL_WORD0860_SYN02_F.mp4
청진기,의사가 심장이나 폐 소리를 듣는 기구,3,NIA_SL_WORD0861_SYN02_F.mp4
체납,세금이나 요금을 내지 않은 것,3,NIA_SL_WORD0862_SYN02_F.mp4
체취,몸에서 나는 냄새,3,NIA_SL_WORD0863_SYN02_F.mp4
체험,직접 경험하는 것,2,NIA_SL_WORD0864_SYN02_F.mp4
체험담,직접 경험한 이야기,3,NIA_SL_WORD0865_SYN02_F.mp4
초대권,특정 행사에 초대하는 권리,3,NIA_SL_WORD0866_SYN02_F.mp4
초라,볼품없고 누추한 것,3,NIA_SL_WORD0867_SYN02_F.mp4
초면,처음 만나는 것,3,NIA_SL_WORD0868_SYN02_F.mp4
초산,처음 아이를 낳는 것,3,NIA_SL_WORD0869_SYN02_F.mp4
초혼,처음 결혼하는 것,3,NIA_SL_WORD0870_SYN02_F.mp4
촉진,일이 빨리 이루어지도록 돕는 것,3,NIA_SL_WORD0871_SYN02_F.mp4
총소리,총이 발사될 때 나는 소리,2,NIA_SL_WORD0873_SYN02_F.mp4
총회,모든 구성원이 참여하는 회의,3,NIA_SL_WORD0874_SYN02_F.mp4
추남,못생긴 남자,3,NIA_SL_WORD0875_SYN02_F.mp4
추녀,못생긴 여자,3,NIA_SL_WORD0876_SYN02_F.mp4
추수,가을에 곡식을 거두어들이는 것,3,NIA_SL_WORD0877_SYN02_F.mp4
출석,정해진 자리에 나타나는 것,2,NIA_SL_WORD0878_SYN02_F.mp4
격노,심하게 화를 내는 것,3,NIA_SL_WORD0879_SYN02_F.mp4
부추기다,남을 자극하여 어떤 행동을 하게 하다,3,NIA_SL_WORD0880_SYN02_F.mp4
풍성,넉넉하고 많은 것,3,NIA_SL_WORD0881_SYN02_F.mp4
충성,나라나 윗사람에게 진심으로 따르는 것,3,NIA_SL_WORD0882_SYN02_F.mp4
취객,술에 취한 사람,3,NIA_SL_WORD0883_SYN02_F.mp4
치과의사,이와 관련된 질환을 치료하는 의사,2,NIA_SL_WORD0884_SYN02_F.mp4
치료제,병을 치료하는 약,3,NIA_SL_WORD0885_SYN02_F.mp4
친자,직접 낳은 자녀,3,NIA_SL_WORD0886_SYN02_F.mp4
카지노,도박을 하는 오락 시설,2,NIA_SL_WORD0887_SYN02_F.mp4
칼,자르거나 베는 날이 있는 도구,1,NIA_SL_WORD0888_SYN02_F.mp4
칼슘,뼈와 이를 구성하는 무기질,3,NIA_SL_WORD0889_SYN02_F.mp4
코코아,카카오로 만든 음료,2,NIA_SL_WORD0890_SYN02_F.mp4
콩기름,콩에서 짜낸 식용유,2,NIA_SL_WORD0891_SYN02_F.mp4
콩밭,콩을 심어 기르는 밭,2,NIA_SL_WORD0892_SYN02_F.mp4
콩잎,콩 나무의 잎,2,NIA_SL_WORD0893_SYN02_F.mp4
군사혁명,군대가 주도하는 정치적 혁명,3,NIA_SL_WORD0894_SYN02_F.mp4
키다리,키가 매우 큰 사람,2,NIA_SL_WORD0895_SYN02_F.mp4
킬로그램,무게의 단위,2,NIA_SL_WORD0896_SYN02_F.mp4
킬로미터,거리의 단위,2,NIA_SL_WORD0897_SYN02_F.mp4
탁구공,탁구에 사용하는 작은 공,2,NIA_SL_WORD0898_SYN02_F.mp4
탈영,군인이 허락 없이 부대를 이탈하는 것,3,NIA_SL_WORD0899_SYN02_F.mp4
탈환,빼앗긴 것을 다시 찾는 것,3,NIA_SL_WORD0900_SYN02_F.mp4
독서광,책 읽기를 매우 좋아하는 사람,3,NIA_SL_WORD0901_SYN02_F.mp4
탐욕,지나치게 탐내는 욕심,3,NIA_SL_WORD0902_SYN02_F.mp4
총괄,전체를 묶어서 관리하는 것,3,NIA_SL_WORD0904_SYN02_F.mp4
바래다,색이 흐려지거나 사람을 배웅하다,2,NIA_SL_WORD0905_SYN02_F.mp4
수감,죄인을 감옥에 가두는 것,3,NIA_SL_WORD0906_SYN02_F.mp4
특권,특별히 주어지는 권리,3,NIA_SL_WORD0907_SYN02_F.mp4
특명,특별한 명령,3,NIA_SL_WORD0908_SYN02_F.mp4
특선,특별히 선발하거나 선정하는 것,3,NIA_SL_WORD0909_SYN02_F.mp4
막히다,길이나 통로가 통하지 않다,2,NIA_SL_WORD0910_SYN02_F.mp4
건성건성,정성 없이 대충 하는 모양,3,NIA_SL_WORD0911_SYN02_F.mp4
소심,겁이 많고 마음이 좁은 것,2,NIA_SL_WORD0913_SYN02_F.mp4
과시,자랑스럽게 내보이는 것,3,NIA_SL_WORD0916_SYN02_F.mp4
정성껏,정성을 다하여,3,NIA_SL_WORD0917_SYN02_F.mp4
적격,자격이나 조건에 맞는 것,3,NIA_SL_WORD0919_SYN02_F.mp4
불량,품질이 나쁘거나 행실이 좋지 않은 것,2,NIA_SL_WORD0927_SYN02_F.mp4
계기,어떤 일이 시작되는 기회나 원인,3,NIA_SL_WORD0928_SYN02_F.mp4
매일매일,하루도 빠짐없이 매일,1,NIA_SL_WORD0932_SYN02_F.mp4
순식간,[동음이의어] 아주 짧은 시간,2,NIA_SL_WORD0933_SYN02_F.mp4
촉박,시간이 매우 촉급한 것,3,NIA_SL_WORD0934_SYN02_F.mp4
더디다,속도가 느리다,3,NIA_SL_WORD0935_SYN02_F.mp4
혹시,만에 하나라는 뜻의 부사,1,NIA_SL_WORD0938_SYN02_F.mp4
밤샘,밤을 새우는 것,2,NIA_SL_WORD0939_SYN02_F.mp4
들어맞다,예상이나 짐작이 맞다,2,NIA_SL_WORD0940_SYN02_F.mp4
복귀,원래 자리나 상태로 돌아오는 것,3,NIA_SL_WORD0941_SYN02_F.mp4
학수고대,몹시 기다리는 것,3,NIA_SL_WORD0942_SYN02_F.mp4
가다,[동음이의어] 한 곳에서 다른 곳으로 움직이다,1,NIA_SL_WORD0943_SYN02_F.mp4
가다,[동음이의어] 한 곳에서 다른 곳으로 움직이다,1,NIA_SL_WORD0944_SYN02_F.mp4
지름길,목적지까지 가장 빠른 길,3,NIA_SL_WORD0945_SYN02_F.mp4
사라지다,보이지 않게 되거나 없어지다,2,NIA_SL_WORD0947_SYN02_F.mp4
가깝다,거리가 짧거나 관계가 친밀하다,1,NIA_SL_WORD0948_SYN02_F.mp4
멀다,거리가 길거나 관계가 멀다,1,NIA_SL_WORD0949_SYN02_F.mp4
오래도록,긴 시간 동안,2,NIA_SL_WORD0950_SYN02_F.mp4
진수성찬,매우 잘 차린 음식,3,NIA_SL_WORD0952_SYN02_F.mp4
입맛에맞지않다,음식이 자기 입맛에 맞지 않다,2,NIA_SL_WORD0954_SYN02_F.mp4
주정뱅이,술에 취해 행패를 부리는 사람,3,NIA_SL_WORD0956_SYN02_F.mp4
타이트하다,꼭 끼거나 여유가 없다,2,NIA_SL_WORD0957_SYN02_F.mp4
칩거,집에 틀어박혀 나오지 않는 것,3,NIA_SL_WORD0958_SYN02_F.mp4
대박,큰 성공이나 이득,2,NIA_SL_WORD0959_SYN02_F.mp4
저택,크고 화려한 집,3,NIA_SL_WORD0960_SYN02_F.mp4
궁핍하다,살림이 매우 가난하다,3,NIA_SL_WORD0961_SYN02_F.mp4
쓰다,글씨를 쓰거나 맛이 쓰다,1,NIA_SL_WORD0962_SYN02_F.mp4
옛것,오래된 것,2,NIA_SL_WORD0963_SYN02_F.mp4
수북하다,많이 쌓여 있다,3,NIA_SL_WORD0964_SYN02_F.mp4
회복,[동음이의어] 나빠진 상태가 다시 좋아짐,2,NIA_SL_WORD0965_SYN02_F.mp4
마르다,물기가 없어지거나 몸이 여위다,2,NIA_SL_WORD0969_SYN02_F.mp4
불면,잠을 자지 못하는 것,3,NIA_SL_WORD0970_SYN02_F.mp4
못견디다,고통이나 어려움을 참지 못하다,2,NIA_SL_WORD0973_SYN02_F.mp4
안심,마음을 놓고 편안히 여기는 것,2,NIA_SL_WORD0974_SYN02_F.mp4
유명무실,이름만 있고 실제는 없는 것,3,NIA_SL_WORD0977_SYN02_F.mp4
겹치다,두 가지 이상이 같은 곳에 포개지다,2,NIA_SL_WORD0979_SYN02_F.mp4
첩첩산중,산이 겹겹이 둘러싸인 곳,3,NIA_SL_WORD0980_SYN02_F.mp4
일자무식,글자를 전혀 모르는 것,3,NIA_SL_WORD0982_SYN02_F.mp4
일석이조,하나의 행동으로 두 가지 이익을 얻는 것,3,NIA_SL_WORD0984_SYN02_F.mp4
궁지,빠져나올 수 없는 어려운 상황,3,NIA_SL_WORD0986_SYN02_F.mp4
순식간,[동음이의어] 아주 짧은 시간,2,NIA_SL_WORD0988_SYN02_F.mp4
순식간,[동음이의어] 아주 짧은 시간,2,NIA_SL_WORD0989_SYN02_F.mp4
이미,이전에 벌써,1,NIA_SL_WORD0990_SYN02_F.mp4
공교롭다,우연히 어떤 일이 들어맞아 묘하다,3,NIA_SL_WORD0993_SYN02_F.mp4
남몰래,남이 모르게 몰래,3,NIA_SL_WORD0995_SYN02_F.mp4
근근이,겨우겨우 어렵게,3,NIA_SL_WORD0996_SYN02_F.mp4
얻어먹다,남에게서 얻어서 먹다,2,NIA_SL_WORD0998_SYN02_F.mp4
황소고집,[동음이의어] 매우 고집이 세고 완강한 것,3,NIA_SL_WORD0999_SYN02_F.mp4
속다,거짓에 넘어가다,2,NIA_SL_WORD1000_SYN02_F.mp4
한국농아인협회,한국 청각 장애인들의 권익을 위한 단체,2,NIA_SL_WORD1001_SYN02_F.mp4
서울특별시농아인협회,서울의 청각 장애인 단체,2,NIA_SL_WORD1003_SYN02_F.mp4
서울특별시수어통역센터,서울의 수어 통역 서비스 기관,2,NIA_SL_WORD1004_SYN02_F.mp4
서울시청,서울특별시의 행정 기관,2,NIA_SL_WORD1005_SYN02_F.mp4
강남구지부,강남구에 있는 단체의 지부,2,NIA_SL_WORD1006_SYN02_F.mp4
강남구수어통역센터,강남구의 수어 통역 서비스 기관,2,NIA_SL_WORD1007_SYN02_F.mp4
구로구지부,구로구에 있는 단체의 지부,2,NIA_SL_WORD1023_SYN02_F.mp4
구로구수어통역센터,구로구의 수어 통역 서비스 기관,2,NIA_SL_WORD1024_SYN02_F.mp4
구로구주민지원센터,구로구 주민을 지원하는 기관,2,NIA_SL_WORD1025_SYN02_F.mp4
도봉구지부,도봉구에 있는 단체의 지부,2,NIA_SL_WORD1031_SYN02_F.mp4
도봉구수어통역센터,도봉구의 수어 통역 서비스 기관,2,NIA_SL_WORD1032_SYN02_F.mp4
도봉구주민지원센터,도봉구 주민을 지원하는 기관,2,NIA_SL_WORD1033_SYN02_F.mp4
마포구지부,마포구에 있는 단체의 지부,2,NIA_SL_WORD1040_SYN02_F.mp4
마포구수어통역센터,마포구의 수어 통역 서비스 기관,2,NIA_SL_WORD1041_SYN02_F.mp4
마포구주민지원센터,마포구 주민을 지원하는 기관,2,NIA_SL_WORD1042_SYN02_F.mp4
서초구지부,서초구에 있는 단체의 지부,2,NIA_SL_WORD1046_SYN02_F.mp4
서초구수어통역센터,서초구의 수어 통역 서비스 기관,2,NIA_SL_WORD1047_SYN02_F.mp4
서초구주민지원센터,서초구 주민을 지원하는 기관,2,NIA_SL_WORD1048_SYN02_F.mp4
송파구지부,송파구에 있는 단체의 지부,2,NIA_SL_WORD1055_SYN02_F.mp4
송파구수어통역센터,송파구의 수어 통역 서비스 기관,2,NIA_SL_WORD1056_SYN02_F.mp4
송파구주민지원센터,송파구 주민을 지원하는 기관,2,NIA_SL_WORD1057_SYN02_F.mp4
용산구지부,용산구에 있는 단체의 지부,2,NIA_SL_WORD1064_SYN02_F.mp4
용산구수어통역센터,용산구의 수어 통역 서비스 기관,2,NIA_SL_WORD1065_SYN02_F.mp4
용산구주민지원센터,용산구 주민을 지원하는 기관,2,NIA_SL_WORD1066_SYN02_F.mp4
은평구지부,은평구에 있는 단체의 지부,2,NIA_SL_WORD1067_SYN02_F.mp4
은평구수어통역센터,은평구의 수어 통역 서비스 기관,2,NIA_SL_WORD1068_SYN02_F.mp4
은평구주민지원센터,은평구 주민을 지원하는 기관,2,NIA_SL_WORD1069_SYN02_F.mp4
종로구지부,종로구에 있는 단체의 지부,2,NIA_SL_WORD1070_SYN02_F.mp4
종로구수어통역센터,종로구의 수어 통역 서비스 기관,2,NIA_SL_WORD1071_SYN02_F.mp4
종로구주민지원센터,종로구 주민을 지원하는 기관,2,NIA_SL_WORD1072_SYN02_F.mp4
부산광역시농아인협회,부산의 청각 장애인 단체,2,NIA_SL_WORD1079_SYN02_F.mp4
북구지부,북구에 있는 단체의 지부,2,NIA_SL_WORD1083_SYN02_F.mp4
북구수어통역센터,북구의 수어 통역 서비스 기관,2,NIA_SL_WORD1084_SYN02_F.mp4
북구주민지원센터,북구 주민을 지원하는 기관,2,NIA_SL_WORD1085_SYN02_F.mp4
어쩔 수 없다,달리 방법이 없다,2,NIA_SL_WORD1095_SYN02_F.mp4
모르다,알지 못하다,1,NIA_SL_WORD1096_SYN02_F.mp4
불가능,할 수 없는 것,2,NIA_SL_WORD1097_SYN02_F.mp4
대구광역시농아인협회,대구의 청각 장애인 단체,2,NIA_SL_WORD1098_SYN02_F.mp4
달서구지부,달서구에 있는 단체의 지부,2,NIA_SL_WORD1099_SYN02_F.mp4
달서구수어통역센터,달서구의 수어 통역 서비스 기관,2,NIA_SL_WORD1100_SYN02_F.mp4
가렵다,피부가 긁고 싶은 느낌이 나다,2,NIA_SL_WORD1101_SYN02_F.mp4
답답,막히거나 속이 시원하지 않은 느낌,2,NIA_SL_WORD1102_SYN02_F.mp4
설거지,먹고 난 그릇을 씻는 일,1,NIA_SL_WORD1103_SYN02_F.mp4
남자,성별이 남성인 사람,1,NIA_SL_WORD1104_SYN02_F.mp4
마음,생각이나 감정이 자리하는 곳,1,NIA_SL_WORD1105_SYN02_F.mp4
잊다,기억에서 사라지게 하다,1,NIA_SL_WORD1106_SYN02_F.mp4
충분,모자람 없이 넉넉한 것,2,NIA_SL_WORD1107_SYN02_F.mp4
미남,외모가 잘생긴 남자,2,NIA_SL_WORD1108_SYN02_F.mp4
한명,한 사람,1,NIA_SL_WORD1109_SYN02_F.mp4
급하다,[동음이의어] 시간이 촉박하거나 성격이 급하다,2,NIA_SL_WORD1111_SYN02_F.mp4
던지다,손으로 물건을 공중에 날리다,2,NIA_SL_WORD1112_SYN02_F.mp4
미녀,외모가 아름다운 여자,2,NIA_SL_WORD1113_SYN02_F.mp4
쌍둥이,한 번에 태어난 두 명의 자녀,2,NIA_SL_WORD1114_SYN02_F.mp4
건강,몸이 이상 없이 정상적인 상태,1,NIA_SL_WORD1115_SYN02_F.mp4
어리석다,판단력이 부족하고 미련하다,2,NIA_SL_WORD1116_SYN02_F.mp4
나이,태어난 때부터 지금까지의 햇수,1,NIA_SL_WORD1117_SYN02_F.mp4
달래다,화나거나 슬픈 사람을 위로하다,2,NIA_SL_WORD1118_SYN02_F.mp4
집중,한 곳에 모으거나 정신을 쏟는 것,2,NIA_SL_WORD1119_SYN02_F.mp4
자랑,자신의 좋은 점을 드러내는 것,2,NIA_SL_WORD1120_SYN02_F.mp4
흰,눈이나 우유처럼 하얀색의,1,NIA_SL_WORD1121_SYN02_F.mp4
기막히다,너무 어이없거나 대단하다,3,NIA_SL_WORD1122_SYN02_F.mp4
불안,마음이 편하지 않고 걱정되는 것,2,NIA_SL_WORD1123_SYN02_F.mp4
자존심,자신의 품위를 지키려는 마음,2,NIA_SL_WORD1125_SYN02_F.mp4
배려,남을 위해 마음을 쓰는 것,2,NIA_SL_WORD1126_SYN02_F.mp4
기분,마음의 상태나 느낌,1,NIA_SL_WORD1127_SYN02_F.mp4
당황,갑작스러운 일에 어찌할 바를 모르는 것,2,NIA_SL_WORD1128_SYN02_F.mp4
검사,[동음이의어] 사실이나 상태를 조사하여 확인하는 일,2,NIA_SL_WORD1129_SYN02_F.mp4
원하다,바라거나 원하는 것,2,NIA_SL_WORD1130_SYN02_F.mp4
미치다,정신이 이상해지거나 어떤 것에 빠지다,2,NIA_SL_WORD1131_SYN02_F.mp4
처녀,결혼하지 않은 젊은 여자,2,NIA_SL_WORD1132_SYN02_F.mp4
잘하다,능숙하게 하다,1,NIA_SL_WORD1133_SYN02_F.mp4
무섭다,두렵고 겁이 나다,2,NIA_SL_WORD1134_SYN02_F.mp4
빠르다,속도가 높다,1,NIA_SL_WORD1135_SYN02_F.mp4
예민,감각이나 반응이 날카롭고 민감한 것,2,NIA_SL_WORD1136_SYN02_F.mp4
기술,일을 잘 할 수 있는 능력이나 방법,2,NIA_SL_WORD1137_SYN02_F.mp4
눕다,몸을 가로로 뉘다,1,NIA_SL_WORD1138_SYN02_F.mp4
믿다,사실이라고 여기거나 의지하다,2,NIA_SL_WORD1139_SYN02_F.mp4
즐겁다,마음이 유쾌하고 기쁘다,1,NIA_SL_WORD1140_SYN02_F.mp4
살인,사람을 죽이는 것,3,NIA_SL_WORD1141_SYN02_F.mp4
마지막,끝에 해당하는 것,1,NIA_SL_WORD1142_SYN02_F.mp4
듣다,소리를 귀로 인식하다,1,NIA_SL_WORD1143_SYN02_F.mp4
생각,머릿속에서 어떤 것을 떠올리는 것,1,NIA_SL_WORD1144_SYN02_F.mp4
예쁘다,생김새나 모양이 아름답다,1,NIA_SL_WORD1145_SYN02_F.mp4
인상,처음 느끼는 느낌 또는 이마에 주름을 짓는 것,2,NIA_SL_WORD1146_SYN02_F.mp4
팔,몸에서 어깨와 손목 사이의 부분,1,NIA_SL_WORD1147_SYN02_F.mp4
서다,발로 땅을 딛고 일어나다,1,NIA_SL_WORD1148_SYN02_F.mp4
오다,다른 곳에서 이곳으로 이동하다,1,NIA_SL_WORD1149_SYN02_F.mp4
적극,열심히 나서서 하는 것,2,NIA_SL_WORD1150_SYN02_F.mp4
섭섭하다,기대에 어긋나 서운하다,2,NIA_SL_WORD1151_SYN02_F.mp4
아프다,몸이나 마음이 고통스럽다,1,NIA_SL_WORD1152_SYN02_F.mp4
오줌,신장에서 만들어진 노란 액체,1,NIA_SL_WORD1153_SYN02_F.mp4
깨끗하다,더럽지 않고 청결하다,1,NIA_SL_WORD1154_SYN02_F.mp4
못생기다,생김새가 아름답지 않다,1,NIA_SL_WORD1155_SYN02_F.mp4
나쁘다,좋지 않은 상태이다,1,NIA_SL_WORD1156_SYN02_F.mp4
나,말하는 사람 자신,1,NIA_SL_WORD1157_SYN02_F.mp4
피곤하다,몸이나 마음이 지쳐 있다,2,NIA_SL_WORD1158_SYN02_F.mp4
한숨,답답하거나 슬플 때 내쉬는 긴 숨,2,NIA_SL_WORD1159_SYN02_F.mp4
때리다,손이나 물건으로 세게 치다,2,NIA_SL_WORD1160_SYN02_F.mp4
성격,사람의 타고난 성질,2,NIA_SL_WORD1161_SYN02_F.mp4
등산,산을 오르는 것,1,NIA_SL_WORD1162_SYN02_F.mp4
젊다,나이가 어리거나 활기차다,1,NIA_SL_WORD1163_SYN02_F.mp4
창백,얼굴이 핏기 없이 하얗게 된 것,3,NIA_SL_WORD1164_SYN02_F.mp4
자유,스스로 결정하고 행동할 수 있는 것,2,NIA_SL_WORD1165_SYN02_F.mp4
종아리맞다,종아리를 맞는 것,2,NIA_SL_WORD1166_SYN02_F.mp4
성급,참지 못하고 서두르는 성격,2,NIA_SL_WORD1167_SYN02_F.mp4
바르다,올바르거나 균일하게 펴 바르다,2,NIA_SL_WORD1168_SYN02_F.mp4
행복,삶이 만족스럽고 기쁜 상태,1,NIA_SL_WORD1169_SYN02_F.mp4
깨물다,이로 세게 물다,2,NIA_SL_WORD1170_SYN02_F.mp4
떨다,몸이나 목소리가 흔들리다,2,NIA_SL_WORD1171_SYN02_F.mp4
때문,이유나 원인을 나타내는 말,2,NIA_SL_WORD1172_SYN02_F.mp4
평안,걱정 없이 편안한 상태,2,NIA_SL_WORD1173_SYN02_F.mp4
맞다,틀리지 않고 옳다,1,NIA_SL_WORD1174_SYN02_F.mp4
챔피언,경기에서 우승한 사람,2,NIA_SL_WORD1175_SYN02_F.mp4
안다,팔로 감싸거나 지식이 있다,1,NIA_SL_WORD1176_SYN02_F.mp4
솔직,숨김없이 사실대로 말하는 것,2,NIA_SL_WORD1177_SYN02_F.mp4
꼬마,어린 아이,1,NIA_SL_WORD1178_SYN02_F.mp4
바보,어리석고 지능이 낮은 사람,1,NIA_SL_WORD1179_SYN02_F.mp4
비율,전체에 대한 부분의 크기,2,NIA_SL_WORD1180_SYN02_F.mp4
혀,입 안에 있는 근육 기관,1,NIA_SL_WORD1181_SYN02_F.mp4
의자,앉기 위한 가구,1,NIA_SL_WORD1182_SYN02_F.mp4
열심,최선을 다하여 노력하는 것,2,NIA_SL_WORD1183_SYN02_F.mp4
뚱뚱하다,몸에 살이 많다,1,NIA_SL_WORD1184_SYN02_F.mp4
알다,[동음이의어] 지식이나 정보를 가지고 있다,1,NIA_SL_WORD1185_SYN02_F.mp4
조심,잘못되지 않도록 주의하는 것,2,NIA_SL_WORD1186_SYN02_F.mp4
꿇다,무릎을 구부리고 앉다,2,NIA_SL_WORD1187_SYN02_F.mp4
차분,마음이 가라앉아 조용한 것,2,NIA_SL_WORD1188_SYN02_F.mp4
아기,태어난 지 얼마 안 된 어린 아이,1,NIA_SL_WORD1189_SYN02_F.mp4
방법,일을 해결하는 수단이나 방식,2,NIA_SL_WORD1190_SYN02_F.mp4
좋다,마음에 들거나 만족스럽다,1,NIA_SL_WORD1191_SYN02_F.mp4
두배,원래 양의 두 갑절,2,NIA_SL_WORD1192_SYN02_F.mp4
중요,가치나 의미가 크고 핵심적인 것,2,NIA_SL_WORD1193_SYN02_F.mp4
알다,[동음이의어] 지식이나 정보를 가지고 있다,1,NIA_SL_WORD1194_SYN02_F.mp4
실망,기대에 어긋나 낙담하는 것,2,NIA_SL_WORD1195_SYN02_F.mp4
의미,[동음이의어] 말이나 행동이 나타내는 내용,2,NIA_SL_WORD1196_SYN02_F.mp4
배고프다,먹지 못해 배가 비어 있다,1,NIA_SL_WORD1197_SYN02_F.mp4
욕심,지나치게 원하는 마음,2,NIA_SL_WORD1198_SYN02_F.mp4
훌륭,매우 뛰어나고 좋은 것,2,NIA_SL_WORD1199_SYN02_F.mp4
배부르다,음식을 충분히 먹어 배가 가득 찼다,1,NIA_SL_WORD1200_SYN02_F.mp4
죄송,잘못을 인정하고 미안해하는 것,1,NIA_SL_WORD1201_SYN02_F.mp4
