단어번호,단어
WORD0001,고민
WORD0003,수어
WORD0004,남아
WORD0005,눈
WORD0006,독신
WORD0009,슬프다
WORD0010,자극
WORD0011,안타깝다
WORD0012,어색하다
WORD0013,여아
WORD0014,외국인
WORD0015,영아
WORD0016,신사
WORD0019,알아서
WORD0020,장애인
WORD0022,침착
WORD0023,성실
WORD0024,학교연혁
WORD0025,싫어하다
WORD0026,급하다
WORD0027,필기시험
WORD0028,병문안
WORD0029,검사
WORD0031,낚시터
WORD0033,당뇨병
WORD0034,독서
WORD0035,매표소
WORD0036,면역
WORD0037,감기
WORD0038,배드민턴
WORD0039,변비
WORD0040,병명
WORD0041,보건소
WORD0042,불면증
WORD0043,불행
WORD0044,붕대
WORD0046,설사
WORD0047,성병
WORD0048,방충
WORD0049,소화제
WORD0050,손녀
WORD0051,손자
WORD0052,수면제
WORD0053,수집가
WORD0054,여행지
WORD0055,예식장
WORD0056,올림픽경기
WORD0057,회복
WORD0058,첫번째
WORD0059,운동경기
WORD0060,입원
WORD0061,재혼
WORD0062,진단서
WORD0063,축구장
WORD0064,치료
WORD0065,치료법
WORD0066,친아들
WORD0067,퇴원
WORD0068,한약
WORD0069,한약방
WORD0070,빈혈
WORD0071,화상
WORD0072,가래떡
WORD0073,고깃국
WORD0074,고추
WORD0075,고추가루
WORD0076,사골
WORD0077,배추국
WORD0078,꽈베기
WORD0079,벌꿀
WORD0080,꿀물
WORD0081,냄비
WORD0082,찬물
WORD0083,다과
WORD0084,지방경찰청장
WORD0085,돼지고기
WORD0086,된장찌게
WORD0087,두부
WORD0088,딸기
WORD0089,떡국
WORD0090,라면
WORD0091,막걸리
WORD0092,무
WORD0093,밥그릇
WORD0094,밥솥
WORD0095,보신탕
WORD0096,부엌
WORD0097,소불고기
WORD0098,비빔밥
WORD0099,사과
WORD0101,달다
WORD0102,소주
WORD0103,술잔
WORD0104,식당
WORD0105,쌀가루
WORD0106,냉커피
WORD0107,양식
WORD0109,술
WORD0110,용품
WORD0111,유리그릇
WORD0112,짬뽕
WORD0114,칼국수
WORD0115,커피
WORD0117,콩가루
WORD0119,와인
WORD0120,백설기
WORD0121,가죽신
WORD0122,군복
WORD0123,포켓
WORD0124,양산
WORD0125,운동화
WORD0126,잠옷
WORD0127,이불
WORD0128,에어컨
WORD0129,행거
WORD0130,월세
WORD0131,전세
WORD0132,치약
WORD0133,가수
WORD0134,체감
WORD0135,경고
WORD0136,경찰서
WORD0138,과장
WORD0139,관광버스
WORD0140,교수
WORD0141,교장
WORD0142,찻길
WORD0143,독일어
WORD0145,음주운전
WORD0146,동아리
WORD0147,디자이너
WORD0148,마을버스
WORD0151,음주운전
WORD0152,사무
WORD0153,신입학
WORD0154,여객선
WORD0155,여행사
WORD0156,기차역
WORD0157,예술가
WORD0158,외국어
WORD0159,요리사
WORD0160,강요
WORD0161,운동선수
WORD0162,퇴임
WORD0163,의사
WORD0164,이력서
WORD0165,자가용
WORD0166,재택근무
WORD0167,연령제한
WORD0168,주차장
WORD0169,채팅
WORD0170,출근
WORD0171,코치
WORD0172,터미널
WORD0173,근무
WORD0174,통역사
WORD0175,퇴사
WORD0176,사직
WORD0177,판결
WORD0178,평가
WORD0179,두번째
WORD0180,항공사
WORD0181,교통안전교육
WORD0182,화상채팅
WORD0183,회식
WORD0184,교통기본교육
WORD0185,후원
WORD0186,희생
WORD0187,간호사
WORD0188,교통법교육
WORD0189,계약금
WORD0190,고용
WORD0191,사업장
WORD0192,버스값
WORD0193,구직
WORD0194,논
WORD0195,대기업
WORD0196,사육장
WORD0197,백화점
WORD0198,압류
WORD0200,수입
WORD0201,신용카드
WORD0202,백수
WORD0203,아르바이트
WORD0204,샛길
WORD0205,일시불
WORD0206,주유소
WORD0207,집주인
WORD0208,한국은행
WORD0209,경찰청장
WORD0210,가정교육
WORD0211,고등학교
WORD0212,고등학생
WORD0213,교무실
WORD0214,개학
WORD0215,교실
WORD0216,교육자
WORD0217,국어학
WORD0218,낙제
WORD0219,예절
WORD0220,독서실
WORD0221,등교
WORD0222,맹학교
WORD0223,복습
WORD0224,분필
WORD0225,상장
WORD0226,서점
WORD0227,학업
WORD0228,실습
WORD0229,여학교
WORD0230,여학생
WORD0231,연구소
WORD0232,연구실
WORD0233,예습
WORD0234,유학
WORD0235,의학
WORD0236,지도
WORD0237,재학
WORD0238,연구
WORD0239,학부모
WORD0240,학식
WORD0241,훈련
WORD0242,경기도
WORD0243,경남
WORD0244,경북
WORD0245,남산
WORD0246,울릉도
WORD0247,울산
WORD0248,전남
WORD0254,성경책
WORD0255,신학
WORD0256,장로교
WORD0257,일요일
WORD0258,축하
WORD0259,회개
WORD0260,소감
WORD0261,장난
WORD0262,장인
WORD0263,희생자
WORD0264,디자인
WORD0265,돌무덤
WORD0266,쇠기둥
WORD0267,동화책
WORD0268,목공예
WORD0269,문학
WORD0270,문화유산
WORD0271,음악가
WORD0272,예술
WORD0273,초상화
WORD0274,토기
WORD0275,흑백영화
WORD0276,공군
WORD0278,국왕
WORD0279,보건복지
WORD0280,고소
WORD0281,유권자
WORD0282,절도죄
WORD0283,수감자
WORD0284,총무
WORD0285,강
WORD0286,달빛
WORD0287,장마
WORD0288,체온
WORD0289,파도
WORD0290,하늘
WORD0291,가시나무
WORD0292,강아지
WORD0293,구렁이
WORD0294,까마귀
WORD0295,꽃씨
WORD0296,꽃잎
WORD0297,웃는척
WORD0298,흡연실
WORD0299,무궁화
WORD0300,밤나무
WORD0302,깃털
WORD0303,솔잎
WORD0304,송아지
WORD0305,소뿔
WORD0306,양털
WORD0307,연꽃
WORD0309,어제밤
WORD0310,갈색
WORD0311,최상급
WORD0312,공휴일
WORD0313,세번째
WORD0314,네번째
WORD0315,흙내음
WORD0316,금요일
WORD0317,급행
WORD0318,남부지방
WORD0319,식목일
WORD0320,방금
WORD0322,보라색
WORD0323,분홍조명
WORD0324,분홍색
WORD0325,얼굴이빨개지다
WORD0327,3.1절
WORD0328,생년월일
WORD0329,수요일
WORD0330,10만원
WORD0331,어떻게
WORD0332,어린이날
WORD0333,연말
WORD0334,예전
WORD0335,식전
WORD0336,월요일
WORD0337,일요일
WORD0338,자정
WORD0339,아까
WORD0340,진하기
WORD0341,검정머리
WORD0342,최대
WORD0343,최소
WORD0344,평일
WORD0345,한글날
WORD0347,화요일
WORD0348,황금색
WORD0349,흑백
WORD0350,흑색
WORD0351,임시협약
WORD0352,감금
WORD0353,탈춤
WORD0354,가명
WORD0355,가발
WORD0356,가위바위보
WORD0357,가족회의
WORD0358,가짜
WORD0359,서약서
WORD0360,간편
WORD0361,감옥
WORD0362,감옥살이
WORD0363,보호
WORD0364,견습
WORD0365,강약
WORD0366,강철
WORD0367,개똥
WORD0368,개명
WORD0369,신경쓰다
WORD0370,거목
WORD0371,거북선
WORD0372,거역
WORD0373,거지
WORD0374,건장
WORD0375,걸스카우트
WORD0376,거지
WORD0379,회칙
WORD0380,결승전
WORD0381,경찰행정
WORD0382,경비실
WORD0383,고아원
WORD0384,고춧잎
WORD0385,불알
WORD0386,황금기
WORD0387,골절
WORD0388,공식발표
WORD0389,맞추다
WORD0390,공군본부
WORD0391,공범
WORD0392,동거
WORD0393,공증
WORD0395,실수
WORD0396,회상
WORD0397,과태료
WORD0398,관습
WORD0399,직인
WORD0400,정밀검사
WORD0401,대지
WORD0402,광업
WORD0403,미치광이
WORD0404,강풍
WORD0405,환대
WORD0406,교가
WORD0408,지도
WORD0409,교명
WORD0410,교모
WORD0411,지도법
WORD0412,학습
WORD0413,지도
WORD0414,교육과정
WORD0415,교육청
WORD0416,교사직무
WORD0418,교탁
WORD0419,구두액
WORD0421,조직도
WORD0422,국그릇
WORD0423,국기
WORD0424,독립
WORD0425,군가
WORD0426,군마
WORD0427,다섯번째
WORD0428,군비행장
WORD0429,독재자
WORD0430,귀부인
WORD0431,상류층
WORD0432,모범
WORD0433,그날
WORD0434,기초확인
WORD0435,금식
WORD0436,얼마
WORD0437,금연
WORD0438,금욕
WORD0439,금주
WORD0440,불쌍
WORD0442,신기
WORD0443,신기
WORD0444,기혼
WORD0445,귀중품
WORD0446,길몽
WORD0447,길일
WORD0448,길운
WORD0449,고난이도
WORD0450,비좁다
WORD0451,유언
WORD0452,온실
WORD0453,고난이도
WORD0454,날쎄다
WORD0455,비루
WORD0457,남성적
WORD0458,내정
WORD0459,능숙
WORD0461,농인
WORD0462,다복
WORD0464,단명
WORD0465,단문
WORD0466,능력자
WORD0468,담당
WORD0469,답안지
WORD0470,책임이사
WORD0471,채용자
WORD0472,대교
WORD0473,대독
WORD0474,대필
WORD0475,대성공
WORD0476,세수대야
WORD0477,확정
WORD0478,면적
WORD0479,회장
WORD0480,품격
WORD0481,도벽
WORD0483,자습
WORD0484,돌기둥
WORD0485,돌다리
WORD0487,동갑
WORD0488,동메달
WORD0489,주민센터
WORD0490,독특
WORD0491,무덤덤
WORD0492,뒷산
WORD0493,등록금
WORD0494,담당
WORD0495,생각못하다
WORD0496,주문서
WORD0497,마구간
WORD0499,마스크
WORD0500,마음에들다
WORD0501,막차
WORD0502,만취
WORD0503,나무기둥
WORD0504,의미
WORD0506,말끼어들기
WORD0507,망아지
WORD0508,무매력
WORD0509,확약
WORD0511,맷돌
WORD0512,먹
WORD0513,회원
WORD0515,명단
WORD0516,명마
WORD0517,명예
WORD0518,모범생
WORD0519,무례
WORD0520,무법자
WORD0521,무료교육
WORD0523,무인상
WORD0524,무통
WORD0525,무허가
WORD0526,여배우
WORD0527,문잠그다
WORD0528,문제지
WORD0529,상세검색
WORD0530,묻다
WORD0531,물총
WORD0532,물통
WORD0533,미군
WORD0534,미납
WORD0535,미신
WORD0536,미완성
WORD0537,미행
WORD0538,미혼
WORD0539,밀고
WORD0541,밀거래단
WORD0542,밀서
WORD0544,밀작
WORD0545,확답
WORD0546,반역
WORD0548,발견
WORD0549,발언권
WORD0550,방식
WORD0551,화실
WORD0552,방음
WORD0555,정보차단
WORD0556,방도
WORD0557,위로
WORD0558,견습소
WORD0559,배은
WORD0563,출산증가
WORD0564,베다
WORD0565,벌칙사항
WORD0566,소개
WORD0567,별거
WORD0568,별미
WORD0569,병가
WORD0570,병사
WORD0572,환자실
WORD0573,병아리
WORD0574,군책
WORD0575,보수교육
WORD0576,보이스카우트
WORD0577,부동산
WORD0578,보건복지부
WORD0579,복지카드
WORD0580,희미
WORD0581,부고
WORD0582,무자유
WORD0583,분담
WORD0584,투쟁
WORD0586,가쁘다
WORD0587,무각오
WORD0588,호명
WORD0589,비교연구
WORD0590,비닐하우스
WORD0591,비인간적
WORD0592,자비없다
WORD0593,예금
WORD0596,속달
WORD0597,삐치다
WORD0598,사감
WORD0599,형제지간
WORD0600,사냥꾼
WORD0601,겉모습
WORD0603,사모님
WORD0604,복사본
WORD0606,혈통
WORD0608,친척
WORD0609,사용법
WORD0610,친가족
WORD0611,사인
WORD0612,혈액형
WORD0613,부채질
WORD0614,사진작가
WORD0615,과용
WORD0617,사후
WORD0620,상품
WORD0621,새
WORD0622,새똥
WORD0623,새알
WORD0625,색맹
WORD0626,색연필
WORD0627,색종이
WORD0628,학생생활기록부
WORD0630,후천적
WORD0632,맹세
WORD0633,서구식
WORD0634,서울역
WORD0635,헤드라이트
WORD0636,편견
WORD0637,정벌
WORD0638,사납다
WORD0639,섬나라
WORD0640,직무대행
WORD0641,성인
WORD0642,연설
WORD0643,연설문
WORD0644,제사
WORD0647,성폭행
WORD0648,세뇌
WORD0649,센티미터
WORD0650,소금물
WORD0651,소복
WORD0652,소화불량
WORD0653,송년회
WORD0654,쇄신
WORD0655,수영장
WORD0656,수재
WORD0658,숙련
WORD0659,야간경비
WORD0660,순금
WORD0661,순산
WORD0662,술값
WORD0663,술집
WORD0667,승마복
WORD0668,승패
WORD0669,시댁
WORD0670,시달리다
WORD0671,시차
WORD0673,시험감독
WORD0674,선별
WORD0675,신식
WORD0676,신체적장애
WORD0678,실명
WORD0679,실생활
WORD0681,증거
WORD0682,실천
WORD0683,공개
WORD0684,괴롭다
WORD0685,논의
WORD0686,쌀값
WORD0687,아끼다
WORD0688,고집
WORD0689,통증
WORD0690,악몽
WORD0691,악습
WORD0692,악영향
WORD0693,악용
WORD0694,나빠지다
WORD0695,안경원
WORD0696,안내원
WORD0697,안위
WORD0699,깜깜하다
WORD0701,애국자
WORD0702,안쓰럽다
WORD0703,애착
WORD0705,야구부
WORD0706,건달
WORD0707,약학
WORD0708,얌전하다
WORD0709,양계
WORD0710,일임
WORD0711,경로당
WORD0712,양서
WORD0713,온순하다
WORD0714,형식
WORD0716,양젖
WORD0717,언약
WORD0719,깎다
WORD0720,여공
WORD0721,여군
WORD0722,여대생
WORD0723,여성복
WORD0724,여성학과
WORD0725,여경
WORD0726,여탕
WORD0727,연애편지
WORD0728,연초
WORD0729,연패
WORD0730,연합
WORD0731,연하다
WORD0732,영문법
WORD0733,독보적
WORD0734,일반직
WORD0735,예정
WORD0736,오리알
WORD0737,오산
WORD0739,순종
WORD0740,황소고집
WORD0741,완납
WORD0743,완패
WORD0744,왕족
WORD0746,의문
WORD0747,외상값
WORD0750,요강
WORD0751,주요점
WORD0752,사용처
WORD0753,용사
WORD0754,큰소리
WORD0755,우물
WORD0756,우승
WORD0757,우승자
WORD0761,위임
WORD0762,유대인
WORD0763,유전
WORD0764,유조선
WORD0765,은신처
WORD0766,응접실
WORD0767,정의
WORD0768,지도
WORD0769,회의록
WORD0770,이의
WORD0771,익명
WORD0772,익사
WORD0773,인력
WORD0774,농부
WORD0775,인사법
WORD0776,인자
WORD0777,인증
WORD0778,인질
WORD0781,자막
WORD0782,자살자
WORD0784,경과실
WORD0785,작명
WORD0786,작업복
WORD0787,장단점
WORD0789,옷장
WORD0790,장애인연금
WORD0791,장애아동수당
WORD0792,장애유형
WORD0793,장애인기능경기대회
WORD0794,장애인등에대한특수교육법
WORD0795,장애인복지관
WORD0796,장점
WORD0797,장학
WORD0798,재고
WORD0799,목재
WORD0801,복습
WORD0802,재청
WORD0803,무식
WORD0804,저명인사
WORD0805,전기기술자
WORD0806,전기세
WORD0807,전쟁터
WORD0808,전화번호
WORD0809,절수
WORD0810,틀림없다
WORD0811,공식
WORD0812,정신장애
WORD0813,단전
WORD0814,월초
WORD0815,우유
WORD0817,조간신문
WORD0818,조회
WORD0819,졸업장
WORD0820,종소리
WORD0821,종점
WORD0822,주관
WORD0823,주방장
WORD0824,사고방식
WORD0825,알코올중독
WORD0827,중매
WORD0828,재임
WORD0829,쥐덫
WORD0830,확인서
WORD0831,증원
WORD0832,증인
WORD0833,지급일
WORD0834,총괄자
WORD0836,직책
WORD0837,진상
WORD0838,진실
WORD0841,백석
WORD0842,차멀미
WORD0843,복잡하다
WORD0844,참가자
WORD0845,참관
WORD0846,차도
WORD0847,쓸쓸하다
WORD0848,천리
WORD0849,천벌
WORD0850,천연색
WORD0851,철교
WORD0852,철근
WORD0853,철면피
WORD0854,철모
WORD0855,철문
WORD0856,철판
WORD0857,앞서가다
WORD0858,제안
WORD0859,청소당번
WORD0860,청원
WORD0861,청진기
WORD0862,체납
WORD0863,체취
WORD0864,체험
WORD0865,체험담
WORD0866,초대권
WORD0867,초라
WORD0868,초면
WORD0869,초산
WORD0870,초혼
WORD0871,촉진
WORD0873,총소리
WORD0874,총회
WORD0875,추남
WORD0876,추녀
WORD0877,추수
WORD0878,출석
WORD0879,격노
WORD0880,부추기다
WORD0881,풍성
WORD0882,충성
WORD0883,취객
WORD0884,치과의사
WORD0885,치료제
WORD0886,친자
WORD0887,카지노
WORD0888,칼
WORD0889,칼슘
WORD0890,코코아
WORD0891,콩기름
WORD0892,콩밭
WORD0893,콩잎
WORD0894,군사혁명
WORD0895,키다리
WORD0896,킬로그램
WORD0897,킬로미터
WORD0898,탁구공
WORD0899,탈영
WORD0900,탈환
WORD0901,독서광
WORD0902,탐욕
WORD0904,총괄
WORD0905,바래다
WORD0906,수감
WORD0907,특권
WORD0908,특명
WORD0909,특선
WORD0910,막히다
WORD0911,건성건성
WORD0913,소심
WORD0916,과시
WORD0917,정성껏
WORD0919,적격
WORD0927,불량
WORD0928,계기
WORD0932,매일매일
WORD0933,순식간
WORD0934,촉박
WORD0935,더디다
WORD0938,혹시
WORD0939,밤샘
WORD0940,들어맞다
WORD0941,복귀
WORD0942,학수고대
WORD0943,가다
WORD0944,가다
WORD0945,지름길
WORD0947,사라지다
WORD0948,가깝다
WORD0949,멀다
WORD0950,오래도록
WORD0952,진수성찬
WORD0954,입맛에맞지않다
WORD0956,주정뱅이
WORD0957,타이트하다
WORD0958,칩거
WORD0959,대박
WORD0960,저택
WORD0961,궁핍하다
WORD0962,쓰다
WORD0963,옛것
WORD0964,수북하다
WORD0965,회복
WORD0969,마르다
WORD0970,불면
WORD0973,못견디다
WORD0974,안심
WORD0977,유명무실
WORD0979,겹치다
WORD0980,첩첩산중
WORD0982,일자무식
WORD0984,일석이조
WORD0986,궁지
WORD0988,순식간
WORD0989,순식간
WORD0990,이미
WORD0993,공교롭다
WORD0995,남몰래
WORD0996,근근이
WORD0998,얻어먹다
WORD0999,황소고집
WORD1000,속다
WORD1001,한국농아인협회
WORD1003,서울특별시농아인협회
WORD1004,서울특별시수어통역센터
WORD1005,서울시청
WORD1006,강남구지부
WORD1007,강남구수어통역센터
WORD1023,구로구지부
WORD1024,구로구수어통역센터
WORD1025,구로구주민지원센터
WORD1031,도봉구지부
WORD1032,도봉구수어통역센터
WORD1033,도봉구주민지원센터
WORD1040,마포구지부
WORD1041,마포구수어통역센터
WORD1042,마포구주민지원센터
WORD1046,서초구지부
WORD1047,서초구수어통역센터
WORD1048,서초구주민지원센터
WORD1055,송파구지부
WORD1056,송파구수어통역센터
WORD1057,송파구주민지원센터
WORD1064,용산구지부
WORD1065,용산구수어통역센터
WORD1066,용산구주민지원센터
WORD1067,은평구지부
WORD1068,은평구수어통역센터
WORD1069,은평구주민지원센터
WORD1070,종로구지부
WORD1071,종로구수어통역센터
WORD1072,종로구주민지원센터
WORD1079,부산광역시농아인협회
WORD1083,북구지부
WORD1084,북구수어통역센터
WORD1085,북구주민지원센터
WORD1095,어쩔 수 없다
WORD1096,모르다
WORD1097,불가능
WORD1098,대구광역시농아인협회
WORD1099,달서구지부
WORD1100,달서구수어통역센터
WORD1101,가렵다
WORD1102,답답
WORD1103,설거지
WORD1104,남자
WORD1105,마음
WORD1106,잊다
WORD1107,충분
WORD1108,미남
WORD1109,한명
WORD1111,급하다
WORD1112,던지다
WORD1113,미녀
WORD1114,쌍둥이
WORD1115,건강
WORD1116,어리석다
WORD1117,나이
WORD1118,달래다
WORD1119,집중
WORD1120,자랑
WORD1121,흰
WORD1122,기막히다
WORD1123,불안
WORD1125,자존심
WORD1126,배려
WORD1127,기분
WORD1128,당황
WORD1129,검사
WORD1130,원하다
WORD1131,미치다
WORD1132,처녀
WORD1133,잘하다
WORD1134,무섭다
WORD1135,빠르다
WORD1136,예민
WORD1137,기술
WORD1138,눕다
WORD1139,믿다
WORD1140,즐겁다
WORD1141,살인
WORD1142,마지막
WORD1143,듣다
WORD1144,생각
WORD1145,예쁘다
WORD1146,인상
WORD1147,팔
WORD1148,서다
WORD1149,오다
WORD1150,적극
WORD1151,섭섭하다
WORD1152,아프다
WORD1153,오줌
WORD1154,깨끗하다
WORD1155,못생기다
WORD1156,나쁘다
WORD1157,나
WORD1158,피곤하다
WORD1159,한숨
WORD1160,때리다
WORD1161,성격
WORD1162,등산
WORD1163,젊다
WORD1164,창백
WORD1165,자유
WORD1166,종아리맞다
WORD1167,성급
WORD1168,바르다
WORD1169,행복
WORD1170,깨물다
WORD1171,떨다
WORD1172,때문
WORD1173,평안
WORD1174,맞다
WORD1175,챔피언
WORD1176,안다
WORD1177,솔직
WORD1178,꼬마
WORD1179,바보
WORD1180,비율
WORD1181,혀
WORD1182,의자
WORD1183,열심
WORD1184,뚱뚱하다
WORD1185,알다
WORD1186,조심
WORD1187,꿇다
WORD1188,차분
WORD1189,아기
WORD1190,방법
WORD1191,좋다
WORD1192,두배
WORD1193,중요
WORD1194,알다
WORD1195,실망
WORD1196,의미
WORD1197,배고프다
WORD1198,욕심
WORD1199,훌륭
WORD1200,배부르다
WORD1201,죄송
